text,text_lower,label
3,3,NUMERIC_VALUE
perioada 2011 2015 3.3.4,perioada 2011 2015 3.3.4,PERIOD
perioada 2011 2015 63 3.3.4,perioada 2011 2015 63 3.3.4,PERIOD
perioada 2011 - 2015 66 3.3.4.2. 2011 2015 69 3.4,perioada 2011 - 2015 66 3.3.4.2. 2011 2015 69 3.4,PERIOD
76 3.4.1 2015 77 4,76 3.4.1 2015 77 4,MONEY
83 4.1,83 4.1,QUANTITY
anului 2015,anului 2015,DATETIME
4.2,4.2,NUMERIC_VALUE
anului 2015 86 4.3,anului 2015 86 4.3,DATETIME
87 4.3.2,87 4.3.2,MONEY
lemnoase,lemnoase,FACILITY
anul 2015,anul 2015,DATETIME
4.4,4.4,NUMERIC_VALUE
89,89,NUMERIC_VALUE
4.5,4.5,NUMERIC_VALUE
96 97 4.5.3,96 97 4.5.3,DATETIME
98,98,NUMERIC_VALUE
4.5.4,4.5.4,NUMERIC_VALUE
99 4.6,99 4.6,QUANTITY
101 5,101 5,ORDINAL
102 5,102 5,DATETIME
102 5.2,102 5.2,QUANTITY
109,109,NUMERIC_VALUE
6,6,NUMERIC_VALUE
110,110,NUMERIC_VALUE
APV,apv,ORGANIZATION
2,2,NUMERIC_VALUE
Romsilva,romsilva,PERSON
RAAPPS NCDS,raapps ncds,PERSON
3,3,NUMERIC_VALUE
4,4,NUMERIC_VALUE
5,5,NUMERIC_VALUE
6,6,NUMERIC_VALUE
7,7,NUMERIC_VALUE
partizi,partizi,NAT_REL_POL
calea de transport,calea de transport,FACILITY
8,8,NUMERIC_VALUE
9,9,NUMERIC_VALUE
10,10,NUMERIC_VALUE
11,11,NUMERIC_VALUE
5 12,5 12,DATETIME
produselor accidental,produselor accidental,PRODUCT
13,13,NUMERIC_VALUE
14,14,NUMERIC_VALUE
15,15,NUMERIC_VALUE
Produse principale,produse principale,PRODUCT
16,16,NUMERIC_VALUE
Produse secundare,produse secundare,PRODUCT
17,17,NUMERIC_VALUE
18,18,NUMERIC_VALUE
Produse accidentale reprezint,produse accidentale reprezint,PRODUCT
19,19,NUMERIC_VALUE
Regim,regim,PRODUCT
20,20,NUMERIC_VALUE
21,21,NUMERIC_VALUE
470/2014,470/2014,NUMERIC_VALUE
Regulamentului,regulamentului,GPE
UE,ue,ORGANIZATION
995/2010,995/2010,NUMERIC_VALUE
6,6,NUMERIC_VALUE
23,23,NUMERIC_VALUE
24,24,NUMERIC_VALUE
paltin,paltin,PERSON
25,25,NUMERIC_VALUE
26,26,NUMERIC_VALUE
28,28,NUMERIC_VALUE
7,7,NUMERIC_VALUE
lemnului,lemnului,PERSON
ui1 general,ui1 general,ORGANIZATION
Analiza rezulta,analiza rezulta,PERSON
Analiza,analiza,PERSON
lemnoase,lemnoase,FACILITY
intervalul 2011,intervalul 2011,PERIOD
2014,2014,NUMERIC_VALUE
1aport,1aport,DATETIME
8,8,NUMERIC_VALUE
1881,1881,DATETIME
Codicele Silvic,codicele silvic,PERSON
1910,1910,DATETIME
silvic,silvic,PERSON
român,român,NAT_REL_POL
1910,1910,DATETIME
1962,1962,DATETIME
Codul Silvic,codul silvic,PRODUCT
1996,1996,DATETIME
Codul Silvic,codul silvic,PRODUCT
2008,2008,DATETIME
Codul Silvic,codul silvic,PRODUCT
Orândue3,orândue3,ORGANIZATION
Iosif,iosif,PERSON
II,ii,NUMERIC_VALUE
silviculturii. Codicele Silvic,silviculturii. codicele silvic,PERSON
1881,1881,DATETIME
prima,prima,ORDINAL
1827,1827,NUMERIC_VALUE
4,4,NUMERIC_VALUE
data de,data de,DATETIME
18 aprilie 1885,18 aprilie 1885,DATETIME
Codul Silvic,codul silvic,WORK_OF_ART
1910,1910,DATETIME
1910,1910,DATETIME
5,5,NUMERIC_VALUE
2,2,NUMERIC_VALUE
Ed. Risoprint,ed. risoprint,PERSON
Cluj Napoca,cluj napoca,ORGANIZATION
2008,2008,DATETIME
3,3,NUMERIC_VALUE
61,61,NUMERIC_VALUE
110,110,NUMERIC_VALUE
5,5,NUMERIC_VALUE
V.I. Harnagea,v.i. harnagea,PRODUCT
Constantin Gr,constantin gr,PERSON
Zotta,zotta,PERSON
9,9,NUMERIC_VALUE
6,6,NUMERIC_VALUE
1910,1910,DATETIME
românesc,românesc,NAT_REL_POL
19627,19627,DATETIME
1,1,NUMERIC_VALUE
stabilindu- . Prin Legea 18/19918,stabilindu- . prin legea 18/19918,PERSON
30 de hectare,30 de hectare,QUANTITY
10 hectare.,10 hectare.,QUANTITY
247/200510,247/200510,NUMERIC_VALUE
Codul Silvic,codul silvic,WORK_OF_ART
199611,199611,DATETIME
Art,art,PERSON
1,1,NUMERIC_VALUE
200812,200812,DATETIME
46/2008,46/2008,NUMERIC_VALUE
6,6,NUMERIC_VALUE
Monitorul Oficial nr. 93/1996,monitorul oficial nr. 93/1996,WORK_OF_ART
12,12,NUMERIC_VALUE
Monitorul Oficial nr. 611/2015.aport NECONFIDENIAL 10 stimularea asocia Ca elemente de noutate,monitorul oficial nr. 611/2015.aport neconfidenial 10 stimularea asocia ca elemente de noutate,WORK_OF_ART
5,5,NUMERIC_VALUE
13,13,NUMERIC_VALUE
45,45,NUMERIC_VALUE
5,5,NUMERIC_VALUE
14,14,NUMERIC_VALUE
un an,un an,DATETIME
1.2,1.2,NUMERIC_VALUE
România,românia,GPE
Ministerul Ape15,ministerul ape15,ORGANIZATION
începând cu ianuarie 2017,începând cu ianuarie 2017,DATETIME
Guvernului,guvernului,ORGANIZATION
13,13,NUMERIC_VALUE
2008,2008,DATETIME
46/2008,46/2008,NUMERIC_VALUE
14,14,NUMERIC_VALUE
15port,15port,NUMERIC_VALUE
11,11,NUMERIC_VALUE
46/2008,46/2008,NUMERIC_VALUE
1.3,1.3,NUMERIC_VALUE
Ocolul Silvic Conform Codului Silvic,ocolul silvic conform codului silvic,ORGANIZATION
Romsilva,romsilva,ORGANIZATION
Regiei Autonome ocoalelor silvice,regiei autonome ocoalelor silvice,ORGANIZATION
-teritoriale,-teritoriale,PERSON
persoanele fizice,persoanele fizice,PERSON
persoanele juridice,persoanele juridice,PERSON
12 -subordinea,12 -subordinea,DATETIME
51/201616,51/201616,NUMERIC_VALUE
134/201717,134/201717,NUMERIC_VALUE
51/2016,51/2016,NUMERIC_VALUE
51/2016,51/2016,NUMERIC_VALUE
materialului,materialului,PERSON
16,16,NUMERIC_VALUE
P. 17port NECONFIDENIAL,p. 17port neconfidenial,PRODUCT
13,13,NUMERIC_VALUE
parchetului,parchetului,PERSON
proprietarii,proprietarii,PERSON
persoane,persoane,PERSON
Ordinului M.M.A.P. nr. 1330,ordinului m.m.a.p. nr. 1330,ORGANIZATION
01 septembrie 2015,01 septembrie 2015,DATETIME
utilaje,utilaje,PRODUCT
2.000 mc,2.000 mc,QUANTITY
lemnoase,lemnoase,FACILITY
personalului,personalului,PERSON
5.000 mc,5.000 mc,QUANTITY
18,18,NUMERIC_VALUE
Monitorul Oficial nr. 693/14.09.2015.port NECONFIDENIAL 14 - pentru volumul,monitorul oficial nr. 693/14.09.2015.port neconfidenial 14 - pentru volumul,WORK_OF_ART
1.500 mc,1.500 mc,QUANTITY
3.000 mc,3.000 mc,QUANTITY
50 CP,50 cp,QUANTITY
3.000 mc,3.000 mc,QUANTITY
800 mc,800 mc,QUANTITY
2,2,NUMERIC_VALUE
2.1,2.1,NUMERIC_VALUE
1,1,NUMERIC_VALUE
1,1,NUMERIC_VALUE
Codul silvic,codul silvic,WORK_OF_ART
Totalitatea fores-,totalitatea fores-,ORGANIZATION
2,2,NUMERIC_VALUE
6.555,6.555,NUMERIC_VALUE
15,15,NUMERIC_VALUE
România,românia,GPE
32%,32%,NUMERIC_VALUE
2.1.1. Evolu Tabel nr. 1,2.1.1. evolu tabel nr. 1,PERSON
2012 2013 2014 2015,2012 2013 2014 2015,DATETIME
6.522,6.522,NUMERIC_VALUE
6.539 6.545 6.555 6.365 6.373 6.381 6.387 6.399,6.539 6.545 6.555 6.365 6.373 6.381 6.387 6.399,QUANTITY
1.949 1.945 1.937 1.930 1.931,1.949 1.945 1.937 1.930 1.931,DATETIME
4.416,4.416,NUMERIC_VALUE
4.428,4.428,NUMERIC_VALUE
4.468,4.468,NUMERIC_VALUE
157 156 158 158 156,157 156 158 158 156,DATETIME
anul 2015,anul 2015,DATETIME
anul 2014,anul 2014,DATETIME
2015,2015,NUMERIC_VALUE
2.1,2.1,DATETIME
2011,2011,NUMERIC_VALUE
2015,2015,NUMERIC_VALUE
6.355,6.355,NUMERIC_VALUE
1.487,1.487,NUMERIC_VALUE
305 303 299 298 -i,305 303 299 298 -i,MONEY
152 150 149 147 146 Foioase 4.416,152 150 149 147 146 foioase 4.416,MONEY
4.428,4.428,NUMERIC_VALUE
4.468,4.468,NUMERIC_VALUE
2.095,2.095,NUMERIC_VALUE
2.125,2.125,NUMERIC_VALUE
1.064 1.069 1.064 1.062 1.060,1.064 1.069 1.064 1.062 1.060,DATETIME
958 959 964 965 959port NECONFIDENIAL 16 -diverse specii,958 959 964 965 959port neconfidenial 16 -diverse specii,MONEY
324,324,NUMERIC_VALUE
1.931 hectare,1.931 hectare,QUANTITY
"30,2 %","30,2 %",QUANTITY
4.468 mii hectare,4.468 mii hectare,QUANTITY
"69,8 %","69,8 %",MONEY
"0,98%ativ","0,98%ativ",NUMERIC_VALUE
anul 2014,anul 2014,DATETIME
10 mii de hectare -2015,10 mii de hectare -2015,MONEY
4.416 mii hectare,4.416 mii hectare,MONEY
4.468 mii hectare,4.468 mii hectare,MONEY
2.1 Tabel nr. 3,2.1 tabel nr. 3,QUANTITY
2011,2011,NUMERIC_VALUE
6.522,6.522,NUMERIC_VALUE
6.539 6.545,6.539 6.545,QUANTITY
4.313,4.313,NUMERIC_VALUE
4.286,4.286,NUMERIC_VALUE
4.262,4.262,NUMERIC_VALUE
4.253,4.253,NUMERIC_VALUE
4.249,4.249,NUMERIC_VALUE
3.285,3.285,NUMERIC_VALUE
3.228,3.228,NUMERIC_VALUE
3.203,3.203,NUMERIC_VALUE
1.029 1.041 1.034 1.036 1.046 2.208 2.243 2.277 2.292 2.306,1.029 1.041 1.034 1.036 1.046 2.208 2.243 2.277 2.292 2.306,DATETIME
2.131 2.167 2.188 2.203 2.215,2.131 2.167 2.188 2.203 2.215,MONEY
77,77,NUMERIC_VALUE
anului 2015,anului 2015,DATETIME
-2015,-2015,ORGANIZATION
17,17,NUMERIC_VALUE
INS,ins,ORGANIZATION
anul 2015,anul 2015,DATETIME
"19,3%","19,3%",NUMERIC_VALUE
Nord,nord,GPE
"18,3","18,3",NUMERIC_VALUE
"16,1","16,1",NUMERIC_VALUE
Nord,nord,ORGANIZATION
"15,1","15,1",NUMERIC_VALUE
"12,4","12,4",NUMERIC_VALUE
Sud,sud,GPE
Muntenia,muntenia,GPE
"10,0","10,0",NUMERIC_VALUE
Sud- -Ilfov,sud- -ilfov,GPE
"0,4","0,4",NUMERIC_VALUE
19,19,NUMERIC_VALUE
anul 2015,anul 2015,DATETIME
Severin,severin,GPE
420 mii hectare,420 mii hectare,MONEY
Hunedoara,hunedoara,GPE
317 e,317 e,QUANTITY
2.2,2.2,NUMERIC_VALUE
90,90,NUMERIC_VALUE
România,românia,GPE
19,19,NUMERIC_VALUE
INS.port NECONFIDENIAL,ins.port neconfidenial,PRODUCT
18,18,NUMERIC_VALUE
România,românia,GPE
EUROSTAT,eurostat,ORGANIZATION
perioada 1984-2013,perioada 1984-2013,PERIOD
1984,1984,DATETIME
ultimul,ultimul,ORDINAL
2008,2008,DATETIME
primul,primul,ORDINAL
2008,2008,NUMERIC_VALUE
2012,2012,DATETIME
1. hectar,1. hectar,QUANTITY
"7,8","7,8",NUMERIC_VALUE
"1,3","1,3",DATETIME
2,2,NUMERIC_VALUE
mii mc,mii mc,QUANTITY
1.450.645 2.221.593,1.450.645 2.221.593,PERIOD
3,3,NUMERIC_VALUE
217 322,217 322,DATETIME
"1,5","1,5",NUMERIC_VALUE
4,4,NUMERIC_VALUE
Vârsta,vârsta,GPE
IFN,ifn,ORGANIZATION
IFN,ifn,ORGANIZATION
mii ha,mii ha,QUANTITY
6.685,6.685,NUMERIC_VALUE
6,6,NUMERIC_VALUE
2013,2013,DATETIME
INS,ins,ORGANIZATION
mii mc,mii mc,QUANTITY
19.282 7,19.282 7,DATETIME
anul 2013,anul 2013,DATETIME
mii mc,mii mc,QUANTITY
20.300 8,20.300 8,DATETIME
perioada 2008-2014,perioada 2008-2014,PERIOD
mii mc,mii mc,QUANTITY
26.900,26.900,NUMERIC_VALUE
23.900,23.900,NUMERIC_VALUE
29.900,29.900,NUMERIC_VALUE
Sursa,sursa,LOC
19,19,NUMERIC_VALUE
perioada 1989-2015,perioada 1989-2015,PERIOD
perioada 1989-2015 Sursa,perioada 1989-2015 sursa,PERIOD
INS 1989,ins 1989,ORGANIZATION
anul 1998,anul 1998,DATETIME
Nr. Anul mii,nr. anul mii,WORK_OF_ART
1. 1989,1. 1989,DATETIME
1991,1991,DATETIME
1992,1992,DATETIME
1993,1993,DATETIME
6,6,NUMERIC_VALUE
1994,1994,DATETIME
7,7,NUMERIC_VALUE
1995,1995,DATETIME
8,8,NUMERIC_VALUE
1996,1996,DATETIME
1997,1997,DATETIME
10,10,NUMERIC_VALUE
1998,1998,DATETIME
1999,1999,DATETIME
2000,2000,DATETIME
13,13,NUMERIC_VALUE
2001,2001,DATETIME
14,14,NUMERIC_VALUE
2002,2002,DATETIME
15,15,NUMERIC_VALUE
2003,2003,DATETIME
16,16,NUMERIC_VALUE
2004,2004,DATETIME
2005,2005,DATETIME
2006,2006,DATETIME
2007,2007,DATETIME
2008,2008,DATETIME
2009,2009,DATETIME
22,22,NUMERIC_VALUE
2010,2010,DATETIME
23,23,NUMERIC_VALUE
2011,2011,DATETIME
24,24,NUMERIC_VALUE
2012,2012,DATETIME
25,25,NUMERIC_VALUE
2013,2013,DATETIME
26,26,NUMERIC_VALUE
2014,2014,NUMERIC_VALUE
27,27,NUMERIC_VALUE
2015,2015,NUMERIC_VALUE
NECONFIDENIAL,neconfidenial,ORGANIZATION
20,20,NUMERIC_VALUE
"59,81 %","59,81 %",NUMERIC_VALUE
anul 1989,anul 1989,DATETIME
anul 2013,anul 2013,DATETIME
"18.582,2 95,47%","18.582,2 95,47%",NUMERIC_VALUE
anului 1989,anului 1989,DATETIME
1,1,NUMERIC_VALUE
Volumul mediu de lemn,volumul mediu de lemn,WORK_OF_ART
anul 1984,anul 1984,DATETIME
"48,39%","48,39%",NUMERIC_VALUE
Astfel spus,astfel spus,PERSON
322 mc forestier,322 mc forestier,QUANTITY
Vârsta,vârsta,GPE
63 de ani,63 de ani,DATETIME
"5,6 mc","5,6 mc",QUANTITY
anul 1984,anul 1984,DATETIME
"7,7 mc","7,7 mc",QUANTITY
anul 2013,anul 2013,DATETIME
2,2,NUMERIC_VALUE
anul 2013,anul 2013,DATETIME
29 de ani,29 de ani,DATETIME
"3,62 mc","3,62 mc",QUANTITY
perioada 1984 - 2013,perioada 1984 - 2013,PERIOD
2013,2013,DATETIME
"53,14%","53,14%",MONEY
anului 2013,anului 2013,DATETIME
3,3,NUMERIC_VALUE
indicatorului,indicatorului,PRODUCT
"5,6 mc","5,6 mc",QUANTITY
"7,7 mc","7,7 mc",QUANTITY
an,an,DATETIME
4,4,NUMERIC_VALUE
"3,62 mc","3,62 mc",QUANTITY
fiecare an,fiecare an,DATETIME
perioada 1984 2013.port NECONFIDENIAL 21,perioada 1984 2013.port neconfidenial 21,PERIOD
România,românia,GPE
România,românia,GPE
PricewaterhouseCoopers România,pricewaterhousecoopers românia,ORGANIZATION
PWC,pwc,PRODUCT
21,21,NUMERIC_VALUE
%,%,DATETIME
22,22,NUMERIC_VALUE
perioada 2011-2014,perioada 2011-2014,PERIOD
470/201424,470/201424,NUMERIC_VALUE
175/201725,175/201725,NUMERIC_VALUE
26,26,NUMERIC_VALUE
20,20,NUMERIC_VALUE
2016,2016,NUMERIC_VALUE
ECONOMIE,economie,ORGANIZATION
21,21,NUMERIC_VALUE
IFN,ifn,ORGANIZATION
22,22,NUMERIC_VALUE
2014,2014,NUMERIC_VALUE
24,24,NUMERIC_VALUE
470,470,NUMERIC_VALUE
4 iunie 2014,4 iunie 2014,DATETIME
25 26,25 26,NUMERIC_VALUE
22,22,NUMERIC_VALUE
134/201727România,134/201727românia,DATETIME
purtateîntreprinderilor,purtateîntreprinderilor,PERSON
1,1,NUMERIC_VALUE
28,28,NUMERIC_VALUE
începând cu,începând cu,DATETIME
anul 2014,anul 2014,DATETIME
291.945 mc,291.945 mc,QUANTITY
anul 2015,anul 2015,DATETIME
153.405 mc,153.405 mc,QUANTITY
anul 201,anul 201,DATETIME
anul 2015,anul 2015,DATETIME
2,2,NUMERIC_VALUE
"Romsilva,29","romsilva,29",GPE
"5,7%","5,7%",MONEY
7.795,7.795,NUMERIC_VALUE
anul 2014,anul 2014,DATETIME
8.240,8.240,NUMERIC_VALUE
anul .,anul .,DATETIME
27 28,27 28,DATETIME
Ministerului Ape 29,ministerului ape 29,ORGANIZATION
27067,27067,NUMERIC_VALUE
23,23,NUMERIC_VALUE
20%,20%,NUMERIC_VALUE
3,3,NUMERIC_VALUE
"2,5 milioane mc lemn","2,5 milioane mc lemn",MONEY
-Romsilva,-romsilva,ORGANIZATION
milioane mc,milioane mc,QUANTITY
"2,5 milioane mc","2,5 milioane mc",MONEY
"2,5 milioane mc lemn","2,5 milioane mc lemn",MONEY
80,80,NUMERIC_VALUE
215.000 hamc,215.000 hamc,QUANTITY
%,%,NUMERIC_VALUE
Începând cu anul 2015,începând cu anul 2015,DATETIME
Codului Silvic prin Legea,codului silvic prin legea,EVENT
30,30,NUMERIC_VALUE
31,31,NUMERIC_VALUE
32port,32port,NUMERIC_VALUE
24,24,NUMERIC_VALUE
2.3,2.3,NUMERIC_VALUE
lemnului,lemnului,PERSON
Ministerul,ministerul,ORGANIZATION
anii 2013,anii 2013,DATETIME
2015,2015,DATETIME
S,s,DATETIME
0210,0210,NUMERIC_VALUE
0220,0220,NUMERIC_VALUE
16,16,NUMERIC_VALUE
1610,1610,NUMERIC_VALUE
2013,2013,NUMERIC_VALUE
2015 Nr.,2015 nr.,MONEY
Activitate Denumire indicator,activitate denumire indicator,PRODUCT
1,1,NUMERIC_VALUE
Clasa forestiere,clasa forestiere,WORK_OF_ART
0210,0210,NUMERIC_VALUE
anul 2015,anul 2015,DATETIME
Cifra de afaceri,cifra de afaceri,ORGANIZATION
Lei,lei,GPE
"2.293.294.311 2.446.861.238 2.581.310.422 1,126 25.110 23.890 24.262","2.293.294.311 2.446.861.238 2.581.310.422 1,126 25.110 23.890 24.262",DATETIME
Profit,profit,GPE
Lei,lei,GPE
170.419.316,170.419.316,NUMERIC_VALUE
Lei,lei,GPE
"23.824.355 35.110.668 46.928.222 1,970","23.824.355 35.110.668 46.928.222 1,970",PERIOD
Lei,lei,GPE
"146.594.961 278.155.651 240.331.054 1,639 2","146.594.961 278.155.651 240.331.054 1,639 2",DATETIME
Clasa Exploatare cod CAEN,clasa exploatare cod caen,EVENT
0220,0220,NUMERIC_VALUE
anul 2015,anul 2015,DATETIME
Lei,lei,GPE
"2.221.353.804 2.433.080.556 1,222 12.955 13.573 14.634 1,130","2.221.353.804 2.433.080.556 1,222 12.955 13.573 14.634 1,130",DATETIME
Profit,profit,GPE
Lei,lei,GPE
"119.105.651 133.300.041 192.130.068 1,613","119.105.651 133.300.041 192.130.068 1,613",DATETIME
Pierdere,pierdere,GPE
Lei,lei,GPE
"40.953.828 61.093.722 62.877.725 1,535","40.953.828 61.093.722 62.877.725 1,535",PERIOD
Lei,lei,GPE
78.151.823,78.151.823,NUMERIC_VALUE
"72.206.319 129.252.343 1,654 3","72.206.319 129.252.343 1,654 3",PRODUCT
Industria mobilei,industria mobilei,ORGANIZATION
Lei,lei,GPE
"8.461.058.446 9.076.861.831 9.180.114.518 1,0849port","8.461.058.446 9.076.861.831 9.180.114.518 1,0849port",NUMERIC_VALUE
25 CAEN,25 caen,PRODUCT
031,031,NUMERIC_VALUE
anul 2015,anul 2015,DATETIME
"60.412 62.678 63.035 1,043 Profit","60.412 62.678 63.035 1,043 profit",LOC
Lei,lei,GPE
536.220.753,536.220.753,NUMERIC_VALUE
Lei,lei,GPE
"228.327.582 169.517.606 229.314.678 1,004","228.327.582 169.517.606 229.314.678 1,004",DATETIME
Lei,lei,GPE
118.128.741,118.128.741,NUMERIC_VALUE
anul 2015,anul 2015,DATETIME
Cifra de afaceri,cifra de afaceri,ORGANIZATION
Lei,lei,GPE
4.668.215.042,4.668.215.042,DATETIME
5.014.390.978,5.014.390.978,QUANTITY
"1,170","1,170",QUANTITY
Profit,profit,GPE
Lei,lei,GPE
289.524.967,289.524.967,NUMERIC_VALUE
432.461.122,432.461.122,NUMERIC_VALUE
Pierdere,pierdere,GPE
Lei,lei,GPE
"64.778.183 96.204.390 109.805.947 1,695","64.778.183 96.204.390 109.805.947 1,695",PERIOD
Lei,lei,GPE
"224.746.784 315.251.302 322.655.175 1,436 5","224.746.784 315.251.302 322.655.175 1,436 5",DATETIME
1610,1610,NUMERIC_VALUE
anul 2015,anul 2015,DATETIME
Cifra de afaceri (Lei,cifra de afaceri (lei,ORGANIZATION
"6.690.392.293 7.110.585.812 7.383.939.406 1,104 27.842 28.425 29.287 1,052","6.690.392.293 7.110.585.812 7.383.939.406 1,104 27.842 28.425 29.287 1,052",PERIOD
Profit,profit,GPE
Lei,lei,GPE
593.028.488,593.028.488,NUMERIC_VALUE
Lei,lei,GPE
196.092.760 153.806.819 150.337.500,196.092.760 153.806.819 150.337.500,DATETIME
Lei,lei,GPE
396.935.728,396.935.728,NUMERIC_VALUE
16,16,NUMERIC_VALUE
produselor din,produselor din,PRODUCT
anul 2015,anul 2015,DATETIME
Cifra de afaceri,cifra de afaceri,ORGANIZATION
Lei,lei,GPE
"12.016.193.927 12.952.671.357 13.192.354.571 1,098 49.962 50.758","12.016.193.927 12.952.671.357 13.192.354.571 1,098 49.962 50.758",PERIOD
Profit,profit,GPE
Lei,lei,GPE
743.643.881,743.643.881,NUMERIC_VALUE
724.450.675,724.450.675,NUMERIC_VALUE
"0,955 Pierdere","0,955 pierdere",ORGANIZATION
Lei,lei,GPE
399.049.335 382.533.950 360.910.207,399.049.335 382.533.950 360.910.207,DATETIME
Lei,lei,GPE
363.540.468,363.540.468,NUMERIC_VALUE
7,7,NUMERIC_VALUE
Total,total,FACILITY
anul 2015,anul 2015,DATETIME
Lei,lei,GPE
"24.761.622.487 26.697.748.230 27.386.860.067 1,106 148.439 150.899 154.232 1,039","24.761.622.487 26.697.748.230 27.386.860.067 1,106 148.439 150.899 154.232 1,039",DATETIME
Profit,profit,GPE
Lei,lei,GPE
"1.726.430.994 1.629.456.039 1,168","1.726.430.994 1.629.456.039 1,168",PERIOD
Pierdere,pierdere,LOC
Lei,lei,GPE
692.155.100,692.155.100,NUMERIC_VALUE
Lei,lei,GPE
702.449.563,702.449.563,NUMERIC_VALUE
929.425.207,929.425.207,NUMERIC_VALUE
26,26,NUMERIC_VALUE
8,8,NUMERIC_VALUE
Total,total,PERSON
anul 2015,anul 2015,DATETIME
Cifra de afaceri,cifra de afaceri,ORGANIZATION
Lei,lei,GPE
"996.218.066.147 1.058.338.601.904 1.140.668.419.471 1,145 sal","996.218.066.147 1.058.338.601.904 1.140.668.419.471 1,145 sal",DATETIME
3.655.202,3.655.202,NUMERIC_VALUE
"3.871.008 1,096 9","3.871.008 1,096 9",PERIOD
Cifra de afaceri,cifra de afaceri,ORGANIZATION
%,%,MONEY
"0,43 0,44","0,43 0,44",NUMERIC_VALUE
"0,44","0,44",NUMERIC_VALUE
10,10,NUMERIC_VALUE
"Cifra de afaceri (%) 1,21 1,22 1,16 0,958 1,42 1,39 1,35 0,950 11","cifra de afaceri (%) 1,21 1,22 1,16 0,958 1,42 1,39 1,35 0,950 11",ORGANIZATION
Industria mobilei,industria mobilei,ORGANIZATION
%,%,MONEY
"0,84 0,85 0,80","0,84 0,85 0,80",NUMERIC_VALUE
12,12,NUMERIC_VALUE
Total,total,ORGANIZATION
"2,40","2,40",NUMERIC_VALUE
"3,98","3,98",NUMERIC_VALUE
Diviziunea 16,diviziunea 16,LOC
perioada 2013-2015,perioada 2013-2015,PERIOD
"0,43","0,43",MONEY
"0,44 %","0,44 %",NUMERIC_VALUE
"între 1,005 1,08 %","între 1,005 1,08 %",PERIOD
perioada 2013-2015,perioada 2013-2015,PERIOD
"1,22 %","1,22 %",NUMERIC_VALUE
"1,35 1,42 %","1,35 1,42 %",DATETIME
"0,84 %","0,84 %",NUMERIC_VALUE
perioada 2013-,perioada 2013-,PERIOD
Lei,lei,ORGANIZATION
anului 2013,anului 2013,DATETIME
27.386.860.067 Lei,27.386.860.067 lei,MONEY
anului 2015,anului 2015,DATETIME
"3,3%","3,3%",NUMERIC_VALUE
14.802,14.802,NUMERIC_VALUE
anului 2015,anului 2015,DATETIME
"2,34 %","2,34 %",NUMERIC_VALUE
anul 2014 de PWC,anul 2014 de pwc,DATETIME
România,românia,GPE
România,românia,GPE
anul 2014,anul 2014,DATETIME
9,9,NUMERIC_VALUE
Uniunii Europene,uniunii europene,GPE
"1,1%","1,1%",NUMERIC_VALUE
Uniunii Europene,uniunii europene,ORGANIZATION
"0,4%","0,4%",MONEY
Uniunii Europene,uniunii europene,GPE
angajat,angajat,PERSON
România,românia,GPE
263 hectare,263 hectare,QUANTITY
"1,7 miliarde Euro","1,7 miliarde euro",MONEY
PWC,pwc,ORGANIZATION
33,33,NUMERIC_VALUE
2016,2016,NUMERIC_VALUE
28,28,NUMERIC_VALUE
perioada 2011,perioada 2011,PERIOD
2014au fost 55%,2014au fost 55%,MONEY
anului 2013,anului 2013,DATETIME
România,românia,GPE
2.4comparativ,2.4comparativ,NUMERIC_VALUE
Uniunii Europene,uniunii europene,GPE
ziunilor,ziunilor,PERSON
34,34,NUMERIC_VALUE
60,60,NUMERIC_VALUE
34 COM,34 com,NUMERIC_VALUE
2013,2013,DATETIME
659,659,NUMERIC_VALUE
Comisiei Parlamentul European,comisiei parlamentul european,ORGANIZATION
Consiliu,consiliu,ORGANIZATION
Comitetul ESocial EComitetul Regiunilor,comitetul esocial ecomitetul regiunilor,ORGANIZATION
Bruxelles,bruxelles,GPE
20.09.2013,20.09.2013,DATETIME
35 of miliard de hectare,35 of miliard de hectare,MONEY
25 0 %,25 0 %,NUMERIC_VALUE
Monaco,monaco,GPE
73 %,73 %,NUMERIC_VALUE
cu810 milioane de hectare,cu810 milioane de hectare,MONEY
Suprafa 215 milioane,suprafa 215 milioane,PRODUCT
33 %,33 %,NUMERIC_VALUE
Sud-,sud-,GPE
--România29 %,--românia29 %,NUMERIC_VALUE
28,28,NUMERIC_VALUE
membri,membri,PERSON
35,35,NUMERIC_VALUE
2013,2013,NUMERIC_VALUE
659,659,NUMERIC_VALUE
Comisiei Parlamentul European,comisiei parlamentul european,ORGANIZATION
Consiliu,consiliu,ORGANIZATION
Comitetul ESocial EComitetul Regiunilor,comitetul esocial ecomitetul regiunilor,ORGANIZATION
Bruxelles,bruxelles,GPE
20.09.2013,20.09.2013,DATETIME
3.port,3.port,NUMERIC_VALUE
"30 5,2%0,2% pe an","30 5,2%0,2% pe an",MONEY
Ratele,ratele,PRODUCT
11,11,NUMERIC_VALUE
22%,22%,MONEY
Româniacrescut,româniacrescut,GPE
Eurostat,eurostat,GPE
4%,4%,NUMERIC_VALUE
266 mii ha,266 mii ha,MONEY
-Potrivit Eurostat,-potrivit eurostat,ORGANIZATION
România,românia,GPE
"64,8 %","64,8 %",NUMERIC_VALUE
"35,2 %","35,2 %",NUMERIC_VALUE
36,36,DATETIME
2015,2015,DATETIME
360 mii hectare,360 mii hectare,MONEY
ultimii 25 de ani,ultimii 25 de ani,DATETIME
"0,4%/an","0,4%/an",NUMERIC_VALUE
perioadei 1990-2015,perioadei 1990-2015,PERIOD
perioada 2005-,perioada 2005-,PERIOD
36 Conform INS,36 conform ins,QUANTITY
anul 2015.port,anul 2015.port,DATETIME
7Europei,7europei,NUMERIC_VALUE
perioada 1990 - 2015 Regiune 1990 2000 2005 2010 2015,perioada 1990 - 2015 regiune 1990 2000 2005 2010 2015,PERIOD
2015 mii ha,2015 mii ha,MONEY
2005,2005,MONEY
2015 mii ha,2015 mii ha,MONEY
Mii ha,mii ha,QUANTITY
Europa N 69.975 70.852 70.736 70.781 70.832 34 10 Europa Central- 35.021 36.385 37.162 37.861 38.582 142 142 Europa Central- 41.628 42.762 43.300 43.873 44.494 115 119,europa n 69.975 70.852 70.736 70.781 70.832 34 10 europa central- 35.021 36.385 37.162 37.861 38.582 142 142 europa central- 41.628 42.762 43.300 43.873 44.494 115 119,LOC
24.852 28.705 29.353,24.852 28.705 29.353,QUANTITY
156,156,NUMERIC_VALUE
202,202,NUMERIC_VALUE
Europa 197.773 206.151 208.980 212.607 215.267 700 629 EU - 28 147.956 154.740 156.758 159.236 160.931,europa 197.773 206.151 208.980 212.607 215.267 700 629 eu - 28 147.956 154.740 156.758 159.236 160.931,PERIOD
417,417,NUMERIC_VALUE
2015,2015,NUMERIC_VALUE
2015,2015,NUMERIC_VALUE
-2015,-2015,NUMERIC_VALUE
1990 2015,1990 2015,DATETIME
2015 Nr,2015 nr,QUANTITY
1990 2000 2005 2010 2015 1,1990 2000 2005 2010 2015 1,DATETIME
"Suedia 30.607,00","suedia 30.607,00",GPE
"30.505,00","30.505,00",NUMERIC_VALUE
2,2,NUMERIC_VALUE
Spania,spania,GPE
"27.336,96 27.540,76 27.525,38","27.336,96 27.540,76 27.525,38",GPE
3,3,NUMERIC_VALUE
"23.282,51","23.282,51",NUMERIC_VALUE
"23.019,00 23.019,00 4. 16.474,00 17.093,00 16.748,00","23.019,00 23.019,00 4. 16.474,00 17.093,00 16.748,00",QUANTITY
"17.579,00port NECONFIDENIAL 32 5","17.579,00port neconfidenial 32 5",MONEY
Germania,germania,GPE
"11.409,00 11.419,00","11.409,00 11.419,00",ORDINAL
6,6,NUMERIC_VALUE
Italia,italia,GPE
9,9,NUMERIC_VALUE
Polonia,polonia,GPE
"8.881,00","8.881,00",NUMERIC_VALUE
"9.200,00","9.200,00",NUMERIC_VALUE
"9.329,00","9.329,00",NUMERIC_VALUE
8,8,NUMERIC_VALUE
"România 6.685,00 6.600,00 6.743,00","românia 6.685,00 6.600,00 6.743,00",ORGANIZATION
Grecia,grecia,GPE
"6.511 6.525 6.532 6.539,00 6.539,00 10","6.511 6.525 6.532 6.539,00 6.539,00 10",QUANTITY
Portugalia,portugalia,GPE
"4.577,18 4.742,20 4.907,21 11","4.577,18 4.742,20 4.907,21 11",LOC
Austria,austria,GPE
"3.955,00","3.955,00",NUMERIC_VALUE
12,12,NUMERIC_VALUE
Bulgaria,bulgaria,GPE
"3.480,00","3.480,00",ORGANIZATION
Letonia,letonia,GPE
"3.364,00","3.364,00",NUMERIC_VALUE
"3.467,00","3.467,00",NUMERIC_VALUE
14,14,NUMERIC_VALUE
Marea Britanie,marea britanie,GPE
"2.974,00","2.974,00",NUMERIC_VALUE
"3.079,00","3.079,00",NUMERIC_VALUE
15,15,NUMERIC_VALUE
"Cehia 2.629,42","cehia 2.629,42",GPE
"2.637,29 2.647,42 2.657,38","2.637,29 2.647,42 2.657,38",GPE
16,16,NUMERIC_VALUE
"2.127,00","2.127,00",NUMERIC_VALUE
"2.387,00","2.387,00",NUMERIC_VALUE
Estonia,estonia,GPE
"2.450,31 2.465,04 2.452,96 2.455,51 18","2.450,31 2.465,04 2.452,96 2.455,51 18",DATETIME
Lituania,lituania,GPE
"2.025,00","2.025,00",NUMERIC_VALUE
"2.194,00 2.254,00 2,284,00 19","2.194,00 2.254,00 2,284,00 19",MONEY
Ungaria,ungaria,GPE
"2,190,43 20","2,190,43 20",DATETIME
Slovacia,slovacia,GPE
"1.921,40 1.931,60 1.938,90 1,940,00 21","1.921,40 1.931,60 1.938,90 1,940,00 21",PERIOD
Slovenia,slovenia,GPE
"1.271,00","1.271,00",NUMERIC_VALUE
"1.272,00 1.272,00 1,271,00 22","1.272,00 1.272,00 1,271,00 22",PERIOD
"Irlanda 514,36 684,44 744,46 772,86 801,24 23. Belgiua 698,10 694,40 704,20 714,00","irlanda 514,36 684,44 744,46 772,86 801,24 23. belgiua 698,10 694,40 704,20 714,00",PERSON
24,24,NUMERIC_VALUE
"Denmarca 679,25 721,45 599,30 634,08 657,69 25","denmarca 679,25 721,45 599,30 634,08 657,69 25",ORGANIZATION
Cipru,cipru,GPE
"356,11 385,47","356,11 385,47",QUANTITY
"386,13 386,19 26","386,13 386,19 26",PERIOD
Olanda,olanda,GPE
"345,00","345,00",NUMERIC_VALUE
"365,00","365,00",NUMERIC_VALUE
"88,15","88,15",NUMERIC_VALUE
"88,20 88,20 28","88,20 88,20 28",PERIOD
"Malta 0,00","malta 0,00",PRODUCT
"0,00","0,00",NUMERIC_VALUE
"0,00","0,00",NUMERIC_VALUE
"0,35","0,35",NUMERIC_VALUE
172.992,172.992,NUMERIC_VALUE
181.925 Sursa,181.925 sursa,ORGANIZATION
2015,2015,NUMERIC_VALUE
Cehia,cehia,GPE
Ger,ger,GPE
Cehia,cehia,GPE
%,%,NUMERIC_VALUE
-mii. ha,-mii. ha,MONEY
1990,1990,QUANTITY
2015 1990 2000 2005 2010 2015,2015 1990 2000 2005 2010 2015,DATETIME
34,34,NUMERIC_VALUE
"1,45","1,45",NUMERIC_VALUE
31,31,NUMERIC_VALUE
"11.300 11.354 11.384 11.409 11.419 1,05 Fra 28 16.474 17.093 16.748 17.163 17.579 6,71","11.300 11.354 11.384 11.409 11.419 1,05 fra 28 16.474 17.093 16.748 17.163 17.579 6,71",PERIOD
Polonia,polonia,GPE
8.881,8.881,NUMERIC_VALUE
9.200,9.200,NUMERIC_VALUE
9.329,9.329,NUMERIC_VALUE
"6,24 România","6,24 românia",ORGANIZATION
29 6.685 6.600,29 6.685 6.600,QUANTITY
UE,ue,ORGANIZATION
28,28,NUMERIC_VALUE
172.992,172.992,NUMERIC_VALUE
"5,16","5,16",NUMERIC_VALUE
ultima,ultima,ORDINAL
21.07.2016 2015,21.07.2016 2015,DATETIME
Cehia,cehia,GPE
eeuropean,eeuropean,NAT_REL_POL
"5,16 %","5,16 %",MONEY
-2010,-2010,NUMERIC_VALUE
10,10,NUMERIC_VALUE
Regiunea,regiunea,GPE
mii ha,mii ha,QUANTITY
mii ha,mii ha,QUANTITY
%/an,%/an,MONEY
1990 2000 2010 1990-2000 2000,1990 2000 2010 1990-2000 2000,DATETIME
2010 1990,2010 1990,DATETIME
2000,2000,NUMERIC_VALUE
2010,2010,DATETIME
32,32,NUMERIC_VALUE
Europa,europa,LOC
180.521 188.971 195.911 845 694,180.521 188.971 195.911 845 694,DATETIME
0.36,0.36,NUMERIC_VALUE
998.239,998.239,NUMERIC_VALUE
877,877,NUMERIC_VALUE
0.07,0.07,NUMERIC_VALUE
4.168.399,4.168.399,NUMERIC_VALUE
4.085.063 4.032.905,4.085.063 4.032.905,QUANTITY
34,34,NUMERIC_VALUE
2011,2011,DATETIME
Rome,rome,GPE
deceniul 1990 2000,deceniul 1990 2000,DATETIME
"0,694 milioane de hectare","0,694 milioane de hectare",MONEY
2000 2010,2000 2010,DATETIME
900 000 ha,900 000 ha,QUANTITY
1990,1990,NUMERIC_VALUE
-2010,-2010,NUMERIC_VALUE
mii ha,mii ha,QUANTITY
mii ha,mii ha,QUANTITY
%/an,%/an,MONEY
1990 2000 2010 1990-2000 2000,1990 2000 2010 1990-2000 2000,DATETIME
2010 1990,2010 1990,DATETIME
2000,2000,NUMERIC_VALUE
2010 12.651 15.360 16.991 271 163 1.96 1.01,2010 12.651 15.360 16.991 271 163 1.96 1.01,DATETIME
Europa,europa,LOC
46.395 49.951 52.327 356 238 0.74 0.47,46.395 49.951 52.327 356 238 0.74 0.47,DATETIME
Total Europa,total europa,PRODUCT
65.312,65.312,NUMERIC_VALUE
0.60,0.60,NUMERIC_VALUE
178.307,178.307,NUMERIC_VALUE
2011,2011,DATETIME
Rome Raportat,rome raportat,ORGANIZATION
2010,2010,DATETIME
7 %,7 %,NUMERIC_VALUE
2010;port,2010;port,DATETIME
35,35,NUMERIC_VALUE
-2010,-2010,NUMERIC_VALUE
Europa,europa,LOC
4 %,4 %,NUMERIC_VALUE
1990,1990,QUANTITY
2000,2000,DATETIME
"9 % -2000. 4,86%","9 % -2000. 4,86%",MONEY
anului 2015,anului 2015,DATETIME
23%,23%,NUMERIC_VALUE
58 %,58 %,NUMERIC_VALUE
30%,30%,NUMERIC_VALUE
7 %,7 %,NUMERIC_VALUE
PIB-,pib-,ORGANIZATION
Uniunii Europeane. Restul,uniunii europeane. restul,ORGANIZATION
5 %,5 %,NUMERIC_VALUE
Uniunii Europeane37,uniunii europeane37,ORGANIZATION
37 COM,37 com,MONEY
2013,2013,NUMERIC_VALUE
659,659,NUMERIC_VALUE
Comisiei Parlamentul European,comisiei parlamentul european,ORGANIZATION
Consiliu,consiliu,ORGANIZATION
Comitetul ESocial EComitetul Regiunilor,comitetul esocial ecomitetul regiunilor,ORGANIZATION
Bruxelles,bruxelles,GPE
20.09.2013,20.09.2013,DATETIME
8.port,8.port,NUMERIC_VALUE
36,36,NUMERIC_VALUE
Europei. Astfel,europei. astfel,GPE
45%,45%,NUMERIC_VALUE
36%,36%,NUMERIC_VALUE
Europa Central-,europa central-,LOC
Europa Central-Esti,europa central-esti,LOC
166 milioane,166 milioane,MONEY
12nivelul anului 2015,12nivelul anului 2015,DATETIME
Mii ha %,mii ha %,QUANTITY
Mii ha %,mii ha %,QUANTITY
"Europa 70.832 53,2 55.223 78,0 Europa Central- 38.582 27,6 36.290","europa 70.832 53,2 55.223 78,0 europa central- 38.582 27,6 36.290",LOC
"70,4 Europa Sud- 30.913 35,0 25.016","70,4 europa sud- 30.913 35,0 25.016",LOC
"81,0","81,0",NUMERIC_VALUE
Europa Sud-,europa sud-,PRODUCT
30.446,30.446,NUMERIC_VALUE
"23,5","23,5",NUMERIC_VALUE
"74,1 Eur 215.267 32,8 165.939","74,1 eur 215.267 32,8 165.939",LOC
"79,3","79,3",NUMERIC_VALUE
UE,ue,NUMERIC_VALUE
28,28,NUMERIC_VALUE
"160.931 37,9 134.486 73,6 Forests","160.931 37,9 134.486 73,6 forests",PRODUCT
2015port,2015port,NUMERIC_VALUE
37,37,NUMERIC_VALUE
2015,2015,NUMERIC_VALUE
Cehia,cehia,GPE
Tabel nr. 13,tabel nr. 13,LOC
1990,1990,DATETIME
2015 1990 2000 2005 2010 2015,2015 1990 2000 2005 2010 2015,DATETIME
98%,98%,NUMERIC_VALUE
97%,97%,NUMERIC_VALUE
95%,95%,NUMERIC_VALUE
87%,87%,NUMERIC_VALUE
86%,86%,NUMERIC_VALUE
"10,64","10,64",NUMERIC_VALUE
Germania,germania,GPE
10.487/ 97%,10.487/ 97%,MONEY
95%,95%,NUMERIC_VALUE
95%,95%,NUMERIC_VALUE
95%,95%,NUMERIC_VALUE
"3,82","3,82",NUMERIC_VALUE
84%,84%,NUMERIC_VALUE
14.465/ 85% 15.195/ 91%,14.465/ 85% 15.195/ 91%,DATETIME
91%,91%,NUMERIC_VALUE
16.018/ 91%,16.018/ 91%,DATETIME
"16,25","16,25",NAT_REL_POL
Polonia,polonia,GPE
94%,94%,NUMERIC_VALUE
92%,92%,MONEY
87% 8.234/ 87%,87% 8.234/ 87%,MONEY
"1,07","1,07",NUMERIC_VALUE
84% 5.029/ 76%,84% 5.029/ 76%,MONEY
75% 5.147/ 74%,75% 5.147/ 74%,MONEY
67%,67%,NUMERIC_VALUE
"17,63","17,63",NUMERIC_VALUE
UE,ue,ORGANIZATION
28,28,NUMERIC_VALUE
76% 133.054/ 75% 134.000/ 75%,76% 133.054/ 75% 134.000/ 75%,MONEY
133.172/ 74% 134.486/ 74%,133.172/ 74% 134.486/ 74%,DATETIME
"1,98","1,98",NUMERIC_VALUE
ultima,ultima,ORDINAL
s-84%,s-84%,NUMERIC_VALUE
media UE-28,media ue-28,PERSON
european,european,NAT_REL_POL
2015,2015,DATETIME
94%-98%,94%-98%,NUMERIC_VALUE
1990,1990,DATETIME
86%-87%,86%-87%,NUMERIC_VALUE
2015,2015,DATETIME
1 %,1 %,NUMERIC_VALUE
Poloniei,poloniei,GPE
Germania,germania,GPE
38,38,NUMERIC_VALUE
perioada 1990 - 2015,perioada 1990 - 2015,PERIOD
"10,1 miliarde mc. Astfel","10,1 miliarde mc. astfel",MONEY
1990,1990,DATETIME
Europei.,europei.,LOC
europene,europene,NAT_REL_POL
2015,2015,NUMERIC_VALUE
2005,2005,DATETIME
2015 1990 2000 2005 2010 2015,2015 1990 2000 2005 2010 2015,DATETIME
Mil,mil,GPE
% Mil,% mil,QUANTITY
%,%,NUMERIC_VALUE
"6.486 7.225 7.660 8.029 8.247 70,5","6.486 7.225 7.660 8.029 8.247 70,5",MONEY
"0,97","0,97",NUMERIC_VALUE
"0,74","0,74",NUMERIC_VALUE
"Europa Central- 6.847 7.910 8.411 8.794 9.185 93,5 1,18 77,4 0,88 Europa Central- 7.021 8.281 8.772 9.577 10.541 140,8 1,64 176,9 1,85 Europa Sud-1.722 2.172 2.386 2.585 2.783 42,4 1,94 39,6 1,55port NECONFIDENIAL 39","europa central- 6.847 7.910 8.411 8.794 9.185 93,5 1,18 77,4 0,88 europa central- 7.021 8.281 8.772 9.577 10.541 140,8 1,64 176,9 1,85 europa sud-1.722 2.172 2.386 2.585 2.783 42,4 1,94 39,6 1,55port neconfidenial 39",LOC
2.923 3.364 3.609,2.923 3.364 3.609,QUANTITY
"4.309 55,4 1,56 70,0 1,79 Europa 24.999 28.952 30.838 33.039","4.309 55,4 1,56 70,0 1,79 europa 24.999 28.952 30.838 33.039",MONEY
35.065,35.065,NUMERIC_VALUE
"402,7 1,36 422,7","402,7 1,36 422,7",PRODUCT
UE,ue,ORGANIZATION
28,28,NUMERIC_VALUE
2015,2015,NUMERIC_VALUE
84%,84%,NUMERIC_VALUE
europene,europene,NAT_REL_POL
133 mc,133 mc,QUANTITY
205 mc,205 mc,QUANTITY
America de Sud,america de sud,LOC
Europa,europa,GPE
"1,4%","1,4%",MONEY
%,%,QUANTITY
126 mc,126 mc,QUANTITY
anul 1990,anul 1990,DATETIME
163 mc,163 mc,QUANTITY
anul 2015,anul 2015,DATETIME
2010,2010,DATETIME
15 2010,15 2010,DATETIME
%,%,NUMERIC_VALUE
2010 1990 2000 2005 2010,2010 1990 2000 2005 2010,DATETIME
34,34,NUMERIC_VALUE
625,625,MONEY
769,769,NUMERIC_VALUE
Germania,germania,GPE
31,31,NUMERIC_VALUE
2.815 3.381,2.815 3.381,MONEY
3.492,3.492,NUMERIC_VALUE
2.077,2.077,NUMERIC_VALUE
2.584,2.584,NUMERIC_VALUE
Polonia,polonia,GPE
1.485,1.485,NUMERIC_VALUE
2.304,2.304,NUMERIC_VALUE
România,românia,GPE
1.347 1.346 1.351 1.390,1.347 1.346 1.351 1.390,DATETIME
27,27,NUMERIC_VALUE
19.143 21.874 23.067 24.132,19.143 21.874 23.067 24.132,PRODUCT
40,40,NUMERIC_VALUE
Cehia,cehia,GPE
european,european,NAT_REL_POL
România,românia,GPE
38,38,NUMERIC_VALUE
perioada 2000,perioada 2000,PERIOD
european,european,NAT_REL_POL
EU 28) 2000 2005 2010 2014,eu 28) 2000 2005 2010 2014,DATETIME
"14.441 3,51%","14.441 3,51%",NUMERIC_VALUE
"3,47","3,47",MONEY
"3,91%","3,91%",MONEY
"3,64%","3,64%",NUMERIC_VALUE
Germania,germania,GPE
53.710,53.710,NUMERIC_VALUE
"13,04","13,04",MONEY
"54.418 12,73%","54.418 12,73%",NUMERIC_VALUE
54.356,54.356,MONEY
"16% 52.499 11,73","16% 52.499 11,73",MONEY
55.808,55.808,NUMERIC_VALUE
"51.671 12,15%","51.671 12,15%",NUMERIC_VALUE
Polonia,polonia,GPE
"26.025 6,32%","26.025 6,32%",QUANTITY
"31.945 7,14%","31.945 7,14%",NUMERIC_VALUE
35.467,35.467,NUMERIC_VALUE
"8,29%","8,29%",MONEY
40.565,40.565,NUMERIC_VALUE
"9,54","9,54",NUMERIC_VALUE
"13.148 3,19%","13.148 3,19%",MONEY
"14.501 3,24%","14.501 3,24%",NUMERIC_VALUE
"13.112 3,07% 15.068 3,54%","13.112 3,07% 15.068 3,54%",PRODUCT
UE,ue,ORGANIZATION
28,28,NUMERIC_VALUE
411.764 447.502 427.611 425.351 38,411.764 447.502 427.611 425.351 38,PRODUCT
Eurostat,eurostat,GPE
39,39,NUMERIC_VALUE
41,41,NUMERIC_VALUE
european,european,NAT_REL_POL
UE 28,ue 28,ORGANIZATION
perioada 2005-2014,perioada 2005-2014,PERIOD
-2014 Nr,-2014 nr,MONEY
mii mc,mii mc,QUANTITY
2005 2007 2008 2009 2010 2014 1,2005 2007 2008 2009 2010 2014 1,DATETIME
Suedia 98.200,suedia 98.200,ORGANIZATION
78.200 70.800 65.100 72.200 70.100 2.,78.200 70.800 65.100 72.200 70.100 2.,QUANTITY
Germania,germania,GPE
"76.728 55.367 48.073,27","76.728 55.367 48.073,27",MONEY
"54.356,18 4","54.356,18 4",PRODUCT
"52.498,74 54.582,55 52.756,57 54.447,2 55.807,81 51.670,87 5","52.498,74 54.582,55 52.756,57 54.447,2 55.807,81 51.670,87 5",PERSON
Polonia,polonia,GPE
"35.934,56 34.273,42 34.629,17 35.467,42 40.565 6.","35.934,56 34.273,42 34.629,17 35.467,42 40.565 6.",QUANTITY
Austria 16.471,austria 16.471,GPE
"16.727,44 17.830,96 17.088,55 7","16.727,44 17.830,96 17.088,55 7",LOC
Spania,spania,GPE
15.531,15.531,NUMERIC_VALUE
8,8,NUMERIC_VALUE
Cehia,cehia,GPE
15.510 18.508 16.187 15.502 16.736 15.476 9,15.510 18.508 16.187 15.502 16.736 15.476 9,PERIOD
România,românia,GPE
14.501,14.501,NUMERIC_VALUE
"15.341 13.667 12.556,5 13.111,64 15.067,84 10","15.341 13.667 12.556,5 13.111,64 15.067,84 10",PERIOD
Letonia,letonia,GPE
"12.842,7 12.172,9 8.805,75","12.842,7 12.172,9 8.805,75",DATETIME
11,11,NUMERIC_VALUE
"Portugalia 10.746,24 10.822,89 10.168,75","portugalia 10.746,24 10.822,89 10.168,75",GPE
12,12,NUMERIC_VALUE
Marea Britanie,marea britanie,GPE
9.021,9.021,NUMERIC_VALUE
"8.623,63 9.718,26 11.184,04 13","8.623,63 9.718,26 11.184,04 13",MONEY
Slovacia,slovacia,GPE
9.302,9.302,NUMERIC_VALUE
"8.131,49","8.131,49",PRODUCT
"9.599,07","9.599,07",NUMERIC_VALUE
14,14,NUMERIC_VALUE
Italia,italia,GPE
"8.124,97 8.667,02 8.080,34 7.843,79 - 15","8.124,97 8.667,02 8.080,34 7.843,79 - 15",PERIOD
5.500,5.500,NUMERIC_VALUE
4.500,4.500,NUMERIC_VALUE
"Lituania 6.045 6.195 5.594,38","lituania 6.045 6.195 5.594,38",LOC
"5.459,53 7.096,86 7.351 17","5.459,53 7.096,86 7.351 17",MONEY
Ungaria,ungaria,GPE
5.640,5.640,NUMERIC_VALUE
Bulgaria,bulgaria,GPE
5.696 6.071,5.696 6.071,DATETIME
"5.668 5.570,05 19","5.668 5.570,05 19",MONEY
Belgia,belgia,GPE
5.015,5.015,NUMERIC_VALUE
20,20,NUMERIC_VALUE
Slovenia,slovenia,GPE
"2.881,65 2.990,06 2.930,22 2.945,45","2.881,65 2.990,06 2.930,22 2.945,45",DATETIME
21,21,DATETIME
4.018,4.018,NUMERIC_VALUE
4.469,4.469,NUMERIC_VALUE
4.477,4.477,NUMERIC_VALUE
Danemarca,danemarca,GPE
"2.566 2.786 2.813 2.669,44 3.179,76 23","2.566 2.786 2.813 2.669,44 3.179,76 23",DATETIME
Irelanda,irelanda,GPE
Grecia,grecia,GPE
"1.047,96","1.047,96",DATETIME
25,25,NUMERIC_VALUE
Olanda,olanda,GPE
1.110,1.110,NUMERIC_VALUE
"1.022,05 1.117,1 1.016,13 1.080,59 1.336,58 26","1.022,05 1.117,1 1.016,13 1.080,59 1.336,58 26",PERIOD
"Luxembourg 248,95 290,82 352,82 273,79","luxembourg 248,95 290,82 352,82 273,79",GPE
27,27,NUMERIC_VALUE
Cipru,cipru,GPE
"9,66 19,67 19,83 9,88 8,96 9,2 28","9,66 19,67 19,83 9,88 8,96 9,2 28",DATETIME
Malta,malta,ORGANIZATION
0,0,NUMERIC_VALUE
0,0,NUMERIC_VALUE
0,0,NUMERIC_VALUE
0,0,NUMERIC_VALUE
0,0,NUMERIC_VALUE
0,0,NUMERIC_VALUE
UE,ue,ORGANIZATION
28,28,NUMERIC_VALUE
"447.502,5","447.502,5",NUMERIC_VALUE
419.600,419.600,NUMERIC_VALUE
"388.311,3","388.311,3",NUMERIC_VALUE
"425.351,2","425.351,2",NUMERIC_VALUE
42,42,NUMERIC_VALUE
Uniunii Europene,uniunii europene,GPE
UE 28,ue 28,ORGANIZATION
anului 2014,anului 2014,DATETIME
Suedia,suedia,GPE
"16,48 % europeanFinlanda","16,48 % europeanfinlanda",NUMERIC_VALUE
57.033 mii,57.033 mii,MONEY
"13,41 %","13,41 %",NUMERIC_VALUE
Germania,germania,GPE
54.356 mii mc,54.356 mii mc,MONEY
"12,78 %","12,78 %",NUMERIC_VALUE
51.671 mii,51.671 mii,MONEY
"12,15","12,15",NUMERIC_VALUE
România,românia,GPE
"3,54 %","3,54 %",NUMERIC_VALUE
Aproximativ,aproximativ,GPE
5.000 mii mc40,5.000 mii mc40,MONEY
42,42,NUMERIC_VALUE
40,40,NUMERIC_VALUE
42,42,NUMERIC_VALUE
43,43,NUMERIC_VALUE
18,18,NUMERIC_VALUE
Sursa,sursa,GPE
Eurostat,eurostat,GPE
Suedia,suedia,GPE
57.50 Euro Germania,57.50 euro germania,MONEY
"67,30 Euro","67,30 euro",MONEY
Polonia,polonia,GPE
"53,90 Euro","53,90 euro",MONEY
43,43,NUMERIC_VALUE
44,44,NUMERIC_VALUE
44,44,NUMERIC_VALUE
19,19,NUMERIC_VALUE
Sursa,sursa,GPE
Eurostat Indicatorul,eurostat indicatorul,ORGANIZATION
Uniunii Europene,uniunii europene,GPE
"12,5","12,5",MONEY
1 000 de hectare,1 000 de hectare,QUANTITY
România,românia,GPE
"9,6","9,6",NUMERIC_VALUE
1 000 de hectare,1 000 de hectare,QUANTITY
1 000 de hectare,1 000 de hectare,QUANTITY
Finlanda,finlanda,GPE
44port NECONFIDENIAL 45,44port neconfidenial 45,NUMERIC_VALUE
România,românia,GPE
45,45,NUMERIC_VALUE
Cehia Germania România Polonia EU,cehia germania românia polonia eu,ORGANIZATION
1,1,NUMERIC_VALUE
%,%,NUMERIC_VALUE
34 31 28 29 30,34 31 28 29 30,DATETIME
2,2,NUMERIC_VALUE
mii ha,mii ha,QUANTITY
2.647,2.647,NUMERIC_VALUE
6.743,6.743,NUMERIC_VALUE
9.200,9.200,NUMERIC_VALUE
179.477,179.477,NUMERIC_VALUE
3 Volum,3 volum,QUANTITY
mii mc,mii mc,QUANTITY
735.000 3.458.000 2.512.000,735.000 3.458.000 2.512.000,MONEY
4,4,NUMERIC_VALUE
mii mc,mii mc,QUANTITY
15.510 56.946 52.499 14.501 31.945 447.502 45 Sursa,15.510 56.946 52.499 14.501 31.945 447.502 45 sursa,MONEY
Eurostat,eurostat,GPE
46,46,NUMERIC_VALUE
4.1,4.1,NUMERIC_VALUE
"5,86 5,00 3,13","5,86 5,00 3,13",MONEY
"2,15","2,15",NUMERIC_VALUE
"2,49","2,49",NUMERIC_VALUE
21,21,NUMERIC_VALUE
anului 2010,anului 2010,DATETIME
Cehia Germania România Polonia UE,cehia germania românia polonia ue,ORGANIZATION
1,1,NUMERIC_VALUE
%,%,NUMERIC_VALUE
34 31 28 29 30,34 31 28 29 30,DATETIME
2,2,NUMERIC_VALUE
mii ha,mii ha,QUANTITY
2.657 11.409,2.657 11.409,MONEY
6.919,6.919,NUMERIC_VALUE
9.329,9.329,NUMERIC_VALUE
3 Volum,3 volum,QUANTITY
mii mc,mii mc,QUANTITY
769.300 3.492.000,769.300 3.492.000,MONEY
2.584.000,2.584.000,NUMERIC_VALUE
1.390.200 2.304.000,1.390.200 2.304.000,QUANTITY
4,4,NUMERIC_VALUE
mii mc,mii mc,QUANTITY
16.736 54.418 55.808 13.112 35.467 427.611 4.1 medie lemn,16.736 54.418 55.808 13.112 35.467 427.611 4.1 medie lemn,MONEY
"6,30 4,77 3,25 1,90 3,80 2,38","6,30 4,77 3,25 1,90 3,80 2,38",MONEY
Eurostat Tabel nr. 22,eurostat tabel nr. 22,LOC
2015 Nr,2015 nr,QUANTITY
Cehia Germania România Polonia UE,cehia germania românia polonia ue,ORGANIZATION
1 forest- %,1 forest- %,MONEY
34 31 28 29 30,34 31 28 29 30,DATETIME
2,2,NUMERIC_VALUE
mii ha,mii ha,QUANTITY
2.667 11.419,2.667 11.419,MONEY
6.951,6.951,NUMERIC_VALUE
mii mc,mii mc,QUANTITY
4 lemn,4 lemn,MONEY
mii mc,mii mc,QUANTITY
15.476 54.356 51.671 15.068,15.476 54.356 51.671 15.068,MONEY
4.1 Pmedie lemn,4.1 pmedie lemn,PRODUCT
"5.80 4,76 2,94 2,17 4,30 2,34 22","5.80 4,76 2,94 2,17 4,30 2,34 22",DATETIME
2010,2010,NUMERIC_VALUE
40,40,NUMERIC_VALUE
României,româniei,GPE
d.,d.,ORDINAL
46,46,NUMERIC_VALUE
ultima,ultima,ORDINAL
22.11.2016,22.11.2016,DATETIME
Eurostat,eurostat,GPE
48,48,NUMERIC_VALUE
România,românia,GPE
Uniunii Europene,uniunii europene,GPE
România,românia,GPE
33%,33%,NUMERIC_VALUE
România,românia,GPE
Uniunii Europene,uniunii europene,GPE
45%,45%,NUMERIC_VALUE
36%,36%,NUMERIC_VALUE
România,românia,GPE
%,%,NUMERIC_VALUE
"69,8 %","69,8 %",MONEY
România,românia,GPE
50 de ani,50 de ani,DATETIME
europene,europene,NAT_REL_POL
70-ea volumului,70-ea volumului,NUMERIC_VALUE
49,49,NUMERIC_VALUE
indicatoare-60 de ani,indicatoare-60 de ani,DATETIME
47,47,NUMERIC_VALUE
România,românia,GPE
drumuri te europene,drumuri te europene,FACILITY
Germania,germania,GPE
30 m,30 m,QUANTITY
România,românia,GPE
6 m,6 m,QUANTITY
hadrumurilor forestiere,hadrumurilor forestiere,FACILITY
România,românia,GPE
166 milioane hectare,166 milioane hectare,MONEY
79%,79%,NUMERIC_VALUE
Raport48,raport48,PRODUCT
România,românia,GPE
67 %,67 %,NUMERIC_VALUE
2.4.1,2.4.1,NUMERIC_VALUE
european,european,NAT_REL_POL
Uniunii Europene Uniunii Europenein Uniunii Europene,uniunii europene uniunii europenein uniunii europene,ORGANIZATION
Uniunii Europene,uniunii europene,ORGANIZATION
cadru49,cadru49,NAT_REL_POL
BazaUniunii Europene,bazauniunii europene,GPE
47Consiliul C,47consiliul c,QUANTITY
14220/22.09.2016,14220/22.09.2016,NUMERIC_VALUE
48,48,NUMERIC_VALUE
România,românia,GPE
49,49,NUMERIC_VALUE
56,56,NUMERIC_VALUE
26.02.1999.port,26.02.1999.port,NUMERIC_VALUE
50,50,NUMERIC_VALUE
Uniunii Europene,uniunii europene,GPE
anul 2005,anul 2005,DATETIME
patru,patru,NUMERIC_VALUE
luna martie 2010,luna martie 2010,DATETIME
"Comisia Eur""51","comisia eur""51",ORGANIZATION
2011,2011,DATETIME
50 COM,50 com,MONEY
2006,2006,DATETIME
302,302,NUMERIC_VALUE
Consiliu Parlamentul European,consiliu parlamentul european,ORGANIZATION
Bruxelles,bruxelles,GPE
15.06.2006,15.06.2006,DATETIME
51 COM,51 com,MONEY
2010,2010,NUMERIC_VALUE
66,66,NUMERIC_VALUE
Comisiei,comisiei,ORGANIZATION
Bruxelles,bruxelles,GPE
25.02.2010.port NECONFIDENIAL,25.02.2010.port neconfidenial,MONEY
51,51,NUMERIC_VALUE
european,european,NAT_REL_POL
luna septembrie 2013,luna septembrie 2013,DATETIME
52,52,NUMERIC_VALUE
Uniunii Europene,uniunii europene,GPE
2007,2007,DATETIME
53 3,53 3,DATETIME
54iciile,54iciile,NUMERIC_VALUE
52 COM,52 com,MONEY
2013,2013,NUMERIC_VALUE
659,659,NUMERIC_VALUE
Comisiei Parlamentul European,comisiei parlamentul european,ORGANIZATION
Consiliu,consiliu,ORGANIZATION
Comitetul ESocial EComitetul Regiunilor,comitetul esocial ecomitetul regiunilor,ORGANIZATION
Bruxelles,bruxelles,GPE
20.09.2013,20.09.2013,DATETIME
53 COM,53 com,MONEY
2013,2013,NUMERIC_VALUE
659,659,NUMERIC_VALUE
Comisiei Parlamentul European,comisiei parlamentul european,ORGANIZATION
Consiliu,consiliu,ORGANIZATION
Comitetul ESocial EComitetul Regiunilor,comitetul esocial ecomitetul regiunilor,ORGANIZATION
Bruxelles,bruxelles,GPE
20.09.2013,20.09.2013,DATETIME
17,17,NUMERIC_VALUE
52,52,NUMERIC_VALUE
entualelor,entualelor,PERSON
3.1,3.1,NUMERIC_VALUE
consumatorul,consumatorul,PERSON
Lemnul,lemnul,ORGANIZATION
53,53,NUMERIC_VALUE
Produsele,produsele,PRODUCT
Codului Silvic,codului silvic,WORK_OF_ART
proprietarii,proprietarii,PERSON
5,5,NUMERIC_VALUE
proprietarilor,proprietarilor,PERSON
exploa20 mc/,exploa20 mc/,QUANTITY
55,55,NUMERIC_VALUE
Cluj,cluj,GPE
54,54,NUMERIC_VALUE
produsului,produsului,PERSON
3.2,3.2,NUMERIC_VALUE
produselor i,produselor i,PRODUCT
României,româniei,GPE
România,românia,GPE
56,56,NUMERIC_VALUE
56port,56port,NUMERIC_VALUE
55,55,NUMERIC_VALUE
3.3,3.3,NUMERIC_VALUE
Codul Silvic,codul silvic,PERSON
600.000,600.000,NUMERIC_VALUE
proprietari,proprietari,PERSON
Romsilva,romsilva,ORGANIZATION
31.03.2016,31.03.2016,NUMERIC_VALUE
perioada 1990-31.03.2016,perioada 1990-31.03.2016,PERIOD
1,1,NUMERIC_VALUE
2,2,NUMERIC_VALUE
teritoriale58,teritoriale58,NUMERIC_VALUE
2.758,2.758,NUMERIC_VALUE
3,3,NUMERIC_VALUE
5.722,5.722,NUMERIC_VALUE
4,4,NUMERIC_VALUE
2.414 768.251 5. Academia 1 16.412 6,2.414 768.251 5. academia 1 16.412 6,MONEY
Elias,elias,GPE
1 2.006 7,1 2.006 7,DATETIME
288.151,288.151,NUMERIC_VALUE
Sursa- -Romsilva 3.3.1 metri,sursa- -romsilva 3.3.1 metri,PERSON
anul 2015,anul 2015,DATETIME
România,românia,GPE
18.133 mii mc de lemn,18.133 mii mc de lemn,MONEY
"1,36%","1,36%",MONEY
3.3.1.1,3.3.1.1,NUMERIC_VALUE
principalele specii Tabel nr. 24.,principalele specii tabel nr. 24.,PERSON
Principalele,principalele,GPE
2011,2011,DATETIME
2015 total mii,2015 total mii,MONEY
7.615,7.615,NUMERIC_VALUE
6.689,6.689,NUMERIC_VALUE
6.175,6.175,NUMERIC_VALUE
58,58,NUMERIC_VALUE
57,57,NUMERIC_VALUE
1.747,1.747,NUMERIC_VALUE
1.742,1.742,NUMERIC_VALUE
1.946,1.946,NUMERIC_VALUE
1.951,1.951,NUMERIC_VALUE
1.316,1.316,NUMERIC_VALUE
Cantitatea de e,cantitatea de e,ORGANIZATION
"37,4 %","37,4 %",NUMERIC_VALUE
"34,3 %","34,3 %",NUMERIC_VALUE
"10,8 %","10,8 %",NUMERIC_VALUE
"9,7%","9,7%",NUMERIC_VALUE
"7,8 %","7,8 %",NUMERIC_VALUE
3.3.1.2,3.3.1.2,NUMERIC_VALUE
perioada 2011-2015 Tabel nr. 25,perioada 2011-2015 tabel nr. 25,PERIOD
mii metri cubi,mii metri cubi,QUANTITY
2011,2011,QUANTITY
2015 total mii,2015 total mii,MONEY
18.133,18.133,NUMERIC_VALUE
18.122 18.441 18.654,18.122 18.441 18.654,MONEY
17.552,17.552,NUMERIC_VALUE
583,583,NUMERIC_VALUE
perioada 2011-2013,perioada 2011-2013,PERIOD
trend,trend,PERSON
18.122 mii mc,18.122 mii mc,MONEY
2011,2011,DATETIME
18.654 mii mc,18.654 mii mc,MONEY
2013,2013,DATETIME
anul 2014,anul 2014,DATETIME
"7,6","7,6",NUMERIC_VALUE
17.335 mii mc.,17.335 mii mc.,MONEY
anul 2015,anul 2015,DATETIME
%,%,NUMERIC_VALUE
-2015. Analiza datelor statistice,-2015. analiza datelor statistice,ORGANIZATION
58,58,NUMERIC_VALUE
3.3.1.3,3.3.1.3,NUMERIC_VALUE
lemnoase,lemnoase,FACILITY
Tabel nr. 26,tabel nr. 26,LOC
Volumul de m,volumul de m,LOC
mii metri cubi Forme,mii metri cubi forme,QUANTITY
2011,2011,MONEY
2015,2015,NUMERIC_VALUE
17.889 18.133,17.889 18.133,QUANTITY
9.762,9.762,NUMERIC_VALUE
9.571,9.571,NUMERIC_VALUE
9.579,9.579,NUMERIC_VALUE
9.077,9.077,NUMERIC_VALUE
9.110,9.110,NUMERIC_VALUE
3.153,3.153,NUMERIC_VALUE
3.079,3.079,NUMERIC_VALUE
3.010,3.010,NUMERIC_VALUE
2.896,2.896,NUMERIC_VALUE
5.276 5.836 5.993 5.414 5.378,5.276 5.836 5.993 5.414 5.378,DATETIME
514,514,NUMERIC_VALUE
lemnoase recoltat,lemnoase recoltat,FACILITY
"7,15 %","7,15 %",NUMERIC_VALUE
9.762 mii mc,9.762 mii mc,MONEY
anului 2011,anului 2011,DATETIME
9.110 mii mc,9.110 mii mc,MONEY
anului 2015,anului 2015,DATETIME
lemnoase recoltat,lemnoase recoltat,FACILITY
3.153 mii mc,3.153 mii mc,MONEY
anului 2011,anului 2011,DATETIME
2.896 mii mc,2.896 mii mc,MONEY
anului 2015,anului 2015,DATETIME
anul 2013,anul 2013,DATETIME
5.276 mii,5.276 mii,NUMERIC_VALUE
anului 2011,anului 2011,DATETIME
5.993 mii,5.993 mii,MONEY
2015,2015,NUMERIC_VALUE
5.414 mii mc,5.414 mii mc,MONEY
anul 2014,anul 2014,DATETIME
anul 2015,anul 2015,DATETIME
2014,2014,DATETIME
"+19,5%","+19,5%",EVENT
"-0,7%","-0,7%",NUMERIC_VALUE
1,1,NUMERIC_VALUE
Lemn Rotund,lemn rotund,PERSON
58.3762port NECONFIDENIAL 59,58.3762port neconfidenial 59,PRODUCT
2. Lemn,2. lemn,QUANTITY
4.998.151,4.998.151,NUMERIC_VALUE
3,3,NUMERIC_VALUE
Bu 1.362.837 8.1175,bu 1.362.837 8.1175,PRODUCT
Lemn C.R. 284.088 1.6921 5. 258.626 1.5405,lemn c.r. 284.088 1.6921 5. 258.626 1.5405,PERSON
6,6,NUMERIC_VALUE
25.411,25.411,NUMERIC_VALUE
7,7,NUMERIC_VALUE
Bile,bile,GPE
21.086,21.086,NUMERIC_VALUE
8,8,NUMERIC_VALUE
13.265,13.265,NUMERIC_VALUE
9,9,NUMERIC_VALUE
Lobde industriale 6.968,lobde industriale 6.968,ORGANIZATION
10,10,NUMERIC_VALUE
3.349,3.349,NUMERIC_VALUE
11,11,NUMERIC_VALUE
3.234,3.234,NUMERIC_VALUE
12,12,NUMERIC_VALUE
3.034,3.034,NUMERIC_VALUE
13,13,NUMERIC_VALUE
2.973,2.973,NUMERIC_VALUE
14,14,NUMERIC_VALUE
1.911,1.911,NUMERIC_VALUE
15,15,NUMERIC_VALUE
1.742 0.0104 16,1.742 0.0104 16,MONEY
Grinzi 548,grinzi 548,PRODUCT
207,207,NUMERIC_VALUE
20,20,NUMERIC_VALUE
104,104,NUMERIC_VALUE
Frize 21 0.0001 16.788.800 100,frize 21 0.0001 16.788.800 100,PRODUCT
anul 2015,anul 2015,DATETIME
3.3.2,3.3.2,NUMERIC_VALUE
Romsilva,romsilva,ORGANIZATION
3.472.660 ha,3.472.660 ha,QUANTITY
318.000 ha,318.000 ha,QUANTITY
anului 2015,anului 2015,DATETIME
Romsilva,romsilva,PERSON
41,41,NUMERIC_VALUE
directii,directii,PERSON
323,323,NUMERIC_VALUE
3.154.660 ha60,3.154.660 ha60,QUANTITY
"48,12%","48,12%",MONEY
3.118.842 ha,3.118.842 ha,QUANTITY
1.000.697 ha,1.000.697 ha,QUANTITY
"32,1 %","32,1 %",QUANTITY
59 Estimat,59 estimat,MONEY
6.555.000 ha,6.555.000 ha,QUANTITY
60La,60la,NUMERIC_VALUE
60,60,NUMERIC_VALUE
stejari,stejari,PERSON
563.338 ha,563.338 ha,QUANTITY
"18,1 %","18,1 %",QUANTITY
525.480 ha,525.480 ha,QUANTITY
"16,8 %","16,8 %",QUANTITY
213.684 ha,213.684 ha,QUANTITY
"6,8 %","6,8 %",MONEY
1.808.640 ha,1.808.640 ha,QUANTITY
"58,0%","58,0%",QUANTITY
31%,31%,NUMERIC_VALUE
6%,6%,MONEY
1.310.202 ha,1.310.202 ha,QUANTITY
"42,0%","42,0%",MONEY
66 %,66 %,MONEY
24 %,24 %,NUMERIC_VALUE
10 %,10 %,MONEY
Sursa,sursa,EVENT
61,61,NUMERIC_VALUE
29,29,NUMERIC_VALUE
I,i,ORDINAL
Romsilva,romsilva,GPE
perioada 2011 2015,perioada 2011 2015,PERIOD
"612,6 %","612,6 %",MONEY
"33.804,7 mii lei","33.804,7 mii lei",MONEY
207.067,207.067,NUMERIC_VALUE
lemnoase,lemnoase,FACILITY
] lei,] lei,MONEY
] lei,] lei,MONEY
] lei,] lei,MONEY
"153,79 %","153,79 %",MONEY
mii mc,mii mc,QUANTITY
"173.262,3 mii lei","173.262,3 mii lei",MONEY
"33.804,7 mii lei","33.804,7 mii lei",MONEY
207.067 mii lei,207.067 mii lei,MONEY
lemnoase,lemnoase,PRODUCT
RNPRomsilva,rnpromsilva,PRODUCT
Romsilva,romsilva,PERSON
anului 2011,anului 2011,DATETIME
"87,5 %","87,5 %",NUMERIC_VALUE
"6.036,7 mii mc","6.036,7 mii mc",NUMERIC_VALUE
"62,8 %","62,8 %",NUMERIC_VALUE
"anului 201287,7","anului 201287,7",DATETIME
"6.274,4 mii mc","6.274,4 mii mc",NUMERIC_VALUE
"66,6 %","66,6 %",NUMERIC_VALUE
62,62,NUMERIC_VALUE
"anului 201387,3","anului 201387,3",DATETIME
"6.700,3 mii mc","6.700,3 mii mc",NUMERIC_VALUE
71 %,71 %,NUMERIC_VALUE
anului 2014,anului 2014,DATETIME
"8.019,5 mii mc","8.019,5 mii mc",NUMERIC_VALUE
"83,5 %","83,5 %",MONEY
"6.782,8 mii mc","6.782,8 mii mc",MONEY
"70,65 %","70,65 %",NUMERIC_VALUE
"anului 201586,7","anului 201586,7",DATETIME
"6.885,3 mii","6.885,3 mii",MONEY
"74,3 %","74,3 %",ORDINAL
Cantitatea de as Romsilva,cantitatea de as romsilva,ORGANIZATION
perioada 2015,perioada 2015,PERIOD
63%,63%,NUMERIC_VALUE
74%,74%,NUMERIC_VALUE
Romsilva,romsilva,PERSON
3.3.3. Importurile,3.3.3. importurile,GPE
2015,2015,NUMERIC_VALUE
2015 Crt,2015 crt,QUANTITY
2011,2011,QUANTITY
2015,2015,NUMERIC_VALUE
"585.565 357.100 481.958 326.917 169.708,31","585.565 357.100 481.958 326.917 169.708,31",MONEY
"526.833,55 640.243 736.466,04","526.833,55 640.243 736.466,04",MONEY
18.705.000 19.081.000 19.282.000 17.889.000 18.133.000 4. Procent,18.705.000 19.081.000 19.282.000 17.889.000 18.133.000 4. procent,MONEY
100,100,NUMERIC_VALUE
%,%,DATETIME
"1,87 2,50 1,83 0,94 5","1,87 2,50 1,83 0,94 5",DATETIME
63,63,NUMERIC_VALUE
2:3,2:3,NUMERIC_VALUE
100,100,NUMERIC_VALUE
%,%,NUMERIC_VALUE
Import-Export 2,import-export 2,PRODUCT
1,1,NUMERIC_VALUE
"283.143 254.598,04 680.832,74 1.622.824,14 2015","283.143 254.598,04 680.832,74 1.622.824,14 2015",DATETIME
anului 2011,anului 2011,DATETIME
"3,13%","3,13%",NUMERIC_VALUE
anului 2015,anului 2015,DATETIME
"0,94%","0,94%",NUMERIC_VALUE
anului 2011,anului 2011,DATETIME
"2,81%","2,81%",NUMERIC_VALUE
anului 2015,anului 2015,DATETIME
"9,89%","9,89%",NUMERIC_VALUE
anul 2012,anul 2012,DATETIME
perioada 2011-2015,perioada 2011-2015,PERIOD
3.3.4. Oferta,3.3.4. oferta,QUANTITY
perioada 2011 2015,perioada 2011 2015,PERIOD
INS,ins,ORGANIZATION
64,64,NUMERIC_VALUE
INS,ins,ORGANIZATION
perioada 2011 2015,perioada 2011 2015,PERIOD
11 noiembrie 2010,11 noiembrie 2010,DATETIME
lemnoase,lemnoase,FACILITY
lemnului,lemnului,FACILITY
România,românia,GPE
Herfindahl,herfindahl,PERSON
HHI,hhi,ORGANIZATION
indicatorul,indicatorul,PERSON
opolului,opolului,PERSON
HHI,hhi,ORGANIZATION
61,61,NUMERIC_VALUE
812,812,NUMERIC_VALUE
02 decembrie 2010,02 decembrie 2010,DATETIME
11 noiembrie 2015,11 noiembrie 2015,DATETIME
62,62,NUMERIC_VALUE
Monitorul Oficial nr.,monitorul oficial nr.,WORK_OF_ART
812,812,NUMERIC_VALUE
13 octombrie 2017port,13 octombrie 2017port,DATETIME
10,10,NUMERIC_VALUE
RNP,rnp,ORGANIZATION
Romsilva. Având,romsilva. având,PERSON
duri AAP Potrivit AAP,duri aap potrivit aap,PRODUCT
63,63,NUMERIC_VALUE
data de 23.05.2016,data de 23.05.2016,DATETIME
AAP,aap,ORGANIZATION
103,103,NUMERIC_VALUE
membrii,membrii,PERSON
APPR Potrivit APPR,appr potrivit appr,ORGANIZATION
64,64,NUMERIC_VALUE
A.P.P.R,a.p.p.r,PERSON
Landowners Organization,landowners organization,PERSON
APP,app,ORGANIZATION
anul 2016,anul 2016,DATETIME
APPR,appr,ORGANIZATION
199,199,NUMERIC_VALUE
membri,membri,PERSON
63,63,NUMERIC_VALUE
64 http://www.appr.org.ro/index.htmport,64 http://www.appr.org.ro/index.htmport,QUANTITY
66,66,NUMERIC_VALUE
Conform NOSTRA SILVA,conform nostra silva,PRODUCT
România,românia,GPE
României,româniei,GPE
65 Nu,65 nu,QUANTITY
p 3.3.4 2015,p 3.3.4 2015,NUMERIC_VALUE
perioada 2011,perioada 2011,PERIOD
2015,2015,NUMERIC_VALUE
-Romsilva,-romsilva,ORGANIZATION
-2015,-2015,ORGANIZATION
31,31,NUMERIC_VALUE
32,32,NUMERIC_VALUE
2011,2011,DATETIME
Analiza,analiza,GPE
"7,31","7,31",NUMERIC_VALUE
Romsilva,romsilva,ORGANIZATION
33,33,NUMERIC_VALUE
2012,2012,DATETIME
65 http://www.nostrasilva.ro/wp-content/uploads/2015/01/Statut-FPPPR-NOSTRA-SILVA-extrase-pentru-informare.pdfport,65 http://www.nostrasilva.ro/wp-content/uploads/2015/01/statut-fpppr-nostra-silva-extrase-pentru-informare.pdfport,QUANTITY
67,67,NUMERIC_VALUE
34,34,NUMERIC_VALUE
2012,2012,DATETIME
-Romsilva,-romsilva,ORGANIZATION
Romsilva,romsilva,ORGANIZATION
totalu . Grafic nr. 35.,totalu . grafic nr. 35.,PERSON
2013,2013,DATETIME
36,36,NUMERIC_VALUE
2013,2013,DATETIME
Analiza,analiza,GPE
Romsilva,romsilva,GPE
37,37,NUMERIC_VALUE
2014,2014,DATETIME
38,38,NUMERIC_VALUE
2014,2014,DATETIME
-Romsilva,-romsilva,ORGANIZATION
liderului,liderului,PERSON
RNP,rnp,ORGANIZATION
Romsilva,romsilva,ORGANIZATION
68,68,NUMERIC_VALUE
39,39,NUMERIC_VALUE
2015,2015,NUMERIC_VALUE
40,40,NUMERIC_VALUE
2015,2015,NUMERIC_VALUE
Romsilva,romsilva,ORGANIZATION
2011,2011,NUMERIC_VALUE
2015,2015,NUMERIC_VALUE
2011,2011,NUMERIC_VALUE
2015,2015,NUMERIC_VALUE
"56,04%","56,04%",MONEY
anul 2011,anul 2011,DATETIME
"53,81%","53,81%",MONEY
anul 2015,anul 2015,DATETIME
"4,10 %","4,10 %",NUMERIC_VALUE
2011,2011,DATETIME
"4,86 %","4,86 %",NUMERIC_VALUE
2015,2015,DATETIME
2015,2015,NUMERIC_VALUE
Tabel,tabel,GPE
anului 2015,anului 2015,DATETIME
10,10,NUMERIC_VALUE
-Romsilva,-romsilva,ORGANIZATION
-11,-11,PRODUCT
42,42,NUMERIC_VALUE
397.700,397.700,NUMERIC_VALUE
anul 2015,anul 2015,DATETIME
69,69,NUMERIC_VALUE
Romsilva,romsilva,ORGANIZATION
b.,b.,NAT_REL_POL
2015,2015,NUMERIC_VALUE
anul 2015,anul 2015,DATETIME
anul 2015,anul 2015,DATETIME
Romsilva,romsilva,ORGANIZATION
2015,2015,NUMERIC_VALUE
Herfindahl,herfindahl,GPE
Hirchman. Astfel,hirchman. astfel,ORGANIZATION
HHI calculatport,hhi calculatport,ORGANIZATION
70,70,NUMERIC_VALUE
71,71,NUMERIC_VALUE
-201566,-201566,NUMERIC_VALUE
. Trebuie,. trebuie,PERSON
Romsilva,romsilva,ORGANIZATION
Marin Dr Grafic nr. 44,marin dr grafic nr. 44,PERSON
anului 2011,anului 2011,DATETIME
45,45,NUMERIC_VALUE
Cote de pi calculate,cote de pi calculate,EVENT
anului 2011,anului 2011,DATETIME
46,46,NUMERIC_VALUE
anului 2011,anului 2011,DATETIME
3.149,3.149,NUMERIC_VALUE
3.177.,3.177.,QUANTITY
HHI,hhi,ORGANIZATION
3.236,3.236,NUMERIC_VALUE
3.267,3.267,NUMERIC_VALUE
66,66,NUMERIC_VALUE
"0,25%","0,25%",NUMERIC_VALUE
HHI,hhi,ORGANIZATION
72,72,NUMERIC_VALUE
47,47,NUMERIC_VALUE
anului 2012,anului 2012,DATETIME
48,48,NUMERIC_VALUE
anului 2012,anului 2012,DATETIME
49,49,NUMERIC_VALUE
anului 2012,anului 2012,DATETIME
2.910 o,2.910 o,QUANTITY
2.939,2.939,NUMERIC_VALUE
HHI,hhi,ORGANIZATION
3.010,3.010,NUMERIC_VALUE
3.038.,3.038.,QUANTITY
50,50,NUMERIC_VALUE
anului 2013,anului 2013,DATETIME
51,51,NUMERIC_VALUE
anului 2013,anului 2013,DATETIME
73,73,NUMERIC_VALUE
52,52,NUMERIC_VALUE
anului 2013,anului 2013,DATETIME
HHI,hhi,ORGANIZATION
2.863 o,2.863 o,QUANTITY
2.891,2.891,NUMERIC_VALUE
HHI,hhi,ORGANIZATION
2.929,2.929,NUMERIC_VALUE
2.962.,2.962.,QUANTITY
53,53,NUMERIC_VALUE
anului 2014,anului 2014,DATETIME
54,54,NUMERIC_VALUE
anului 2014,anului 2014,DATETIME
55,55,NUMERIC_VALUE
anului 2014,anului 2014,DATETIME
HHI,hhi,ORGANIZATION
2.971,2.971,NUMERIC_VALUE
3.001,3.001,NUMERIC_VALUE
HHI,hhi,ORGANIZATION
3.029,3.029,NUMERIC_VALUE
3.063,3.063,NUMERIC_VALUE
74,74,NUMERIC_VALUE
56,56,NUMERIC_VALUE
anului 2015,anului 2015,DATETIME
57,57,NUMERIC_VALUE
anului 2015,anului 2015,DATETIME
anului 2015,anului 2015,DATETIME
lemnoase,lemnoase,FACILITY
2.945,2.945,NUMERIC_VALUE
2.973,2.973,NUMERIC_VALUE
HHI,hhi,ORGANIZATION
3.024 o,3.024 o,QUANTITY
3.053,3.053,NUMERIC_VALUE
2015,2015,NUMERIC_VALUE
Romsilva . Tabel nr. 59. Eprincipalilor,romsilva . tabel nr. 59. eprincipalilor,PERSON
lemnoase,lemnoase,FACILITY
perioada 2011,perioada 2011,PERIOD
2015,2015,NUMERIC_VALUE
2015,2015,NUMERIC_VALUE
-Romsilva,-romsilva,ORGANIZATION
anul 2011,anul 2011,DATETIME
75,75,NUMERIC_VALUE
anul 2011,anul 2011,DATETIME
anul 2015,anul 2015,DATETIME
-Romsilva,-romsilva,ORGANIZATION
20112015,20112015,DATETIME
-2015,-2015,ORGANIZATION
Romsilva,romsilva,ORGANIZATION
competitori,competitori,PERSON
competitori,competitori,PERSON
RNP,rnp,ORGANIZATION
Romsilva,romsilva,ORGANIZATION
76,76,NUMERIC_VALUE
prima,prima,ORDINAL
67,67,NUMERIC_VALUE
3.4,3.4,NUMERIC_VALUE
specii,specii,PRODUCT
lemnoase. Trebuie,lemnoase. trebuie,FACILITY
67,67,NUMERIC_VALUE
2015,2015,NUMERIC_VALUE
"17,7 milioane lei.port","17,7 milioane lei.port",MONEY
77,77,NUMERIC_VALUE
CONPIROM României,conpirom româniei,ORGANIZATION
69,69,NUMERIC_VALUE
12,12,NUMERIC_VALUE
1130,1130,NUMERIC_VALUE
membri. ASFOR,membri. asfor,PERSON
-Romsilva,-romsilva,ORGANIZATION
3.4de,3.4de,NUMERIC_VALUE
perioada 2011 2015 2015,perioada 2011 2015 2015,PERIOD
68,68,NUMERIC_VALUE
69,69,NUMERIC_VALUE
http://www.asociatiaforestierilor.ro/despre-noi.port,http://www.asociatiaforestierilor.ro/despre-noi.port,PRODUCT
78,78,NUMERIC_VALUE
indicatorul,indicatorul,PERSON
Kronospan,kronospan,PERSON
Egger,egger,PERSON
Alredia,alredia,GPE
Silvania Grafic nr. 60,silvania grafic nr. 60,GPE
2011,2011,NUMERIC_VALUE
61,61,NUMERIC_VALUE
2011,2011,DATETIME
2011,2011,DATETIME
"31,80 %","31,80 %",NUMERIC_VALUE
Lider,lider,GPE
anului 2011,anului 2011,DATETIME
62,62,NUMERIC_VALUE
2012,2012,DATETIME
63,63,NUMERIC_VALUE
V,v,NUMERIC_VALUE
79,79,NUMERIC_VALUE
2012,2012,DATETIME
"32,98 %","32,98 %",NUMERIC_VALUE
Lider,lider,GPE
2013,2013,NUMERIC_VALUE
65,65,NUMERIC_VALUE
întreprinderi semnificativetabel,întreprinderi semnificativetabel,DATETIME
2013,2013,DATETIME
"39,56 %","39,56 %",MONEY
Lider,lider,GPE
anului 2013,anului 2013,DATETIME
anul 2013cu,anul 2013cu,DATETIME
2013,2013,DATETIME
anul 201320cu,anul 201320cu,DATETIME
anul 2013,anul 2013,DATETIME
anul 2013,anul 2013,DATETIME
anul 2014,anul 2014,DATETIME
anul 2014,anul 2014,DATETIME
"35,33 %","35,33 %",NUMERIC_VALUE
17,17,NUMERIC_VALUE
Lider,lider,GPE
anului 2014,anului 2014,DATETIME
anul 20142013,anul 20142013,DATETIME
anului 2014,anului 2014,DATETIME
3-a,3-a,NUMERIC_VALUE
2015,2015,NUMERIC_VALUE
69,69,NUMERIC_VALUE
2015,2015,NUMERIC_VALUE
2015,2015,NUMERIC_VALUE
"26,73 %","26,73 %",NUMERIC_VALUE
"23,31 %","23,31 %",NUMERIC_VALUE
anului 2015,anului 2015,DATETIME
Inclusiv [...] cu [...] Tabel nr. 70are,inclusiv [...] cu [...] tabel nr. 70are,EVENT
perioada 2011,perioada 2011,PERIOD
2015,2015,NUMERIC_VALUE
2011,2011,NUMERIC_VALUE
2015,2015,NUMERIC_VALUE
lider,lider,PERSON
anului 2011,anului 2011,DATETIME
anului 2015,anului 2015,DATETIME
10,10,NUMERIC_VALUE
"39,56 %","39,56 %",MONEY
"31,80 %","31,80 %",NUMERIC_VALUE
2015,2015,NUMERIC_VALUE
82,82,NUMERIC_VALUE
2015,2015,NUMERIC_VALUE
70,70,NUMERIC_VALUE
2011,2011,NUMERIC_VALUE
2015,2015,NUMERIC_VALUE
73,73,NUMERIC_VALUE
lei/,lei/,MONEY
"157,29 lei","157,29 lei",MONEY
71lemnului,71lemnului,NUMERIC_VALUE
70,70,NUMERIC_VALUE
71,71,NUMERIC_VALUE
83,83,NUMERIC_VALUE
anului 2015,anului 2015,DATETIME
2015,2015,NUMERIC_VALUE
Tabel,tabel,GPE
2015 Nr. Denumire,2015 nr. denumire,QUANTITY
1,1,NUMERIC_VALUE
Romsilva,romsilva,ORGANIZATION
"52,977","52,977",NUMERIC_VALUE
2,2,NUMERIC_VALUE
47.995,47.995,NUMERIC_VALUE
3,3,NUMERIC_VALUE
33.158,33.158,NUMERIC_VALUE
4,4,NUMERIC_VALUE
5,5,NUMERIC_VALUE
22.650,22.650,DATETIME
6,6,NUMERIC_VALUE
19.149,19.149,NUMERIC_VALUE
17.563,17.563,NUMERIC_VALUE
8,8,NUMERIC_VALUE
15.381,15.381,DATETIME
9,9,NUMERIC_VALUE
10,10,NUMERIC_VALUE
"0,207 11","0,207 11",DATETIME
13.168,13.168,DATETIME
12,12,NUMERIC_VALUE
2.852.080,2.852.080,NUMERIC_VALUE
"43,51port","43,51port",NUMERIC_VALUE
84 Total,84 total,QUANTITY
"230.335,75","230.335,75",NUMERIC_VALUE
6.555.000,6.555.000,NUMERIC_VALUE
-Romsilvareprezentând,-romsilvareprezentând,ORGANIZATION
"anului 20153,51","anului 20153,51",DATETIME
-Romsilva. Lider,-romsilva. lider,PERSON
anului 2015,anului 2015,DATETIME
Romsilva3.470 mii,romsilva3.470 mii,MONEY
53 %,53 %,NUMERIC_VALUE
48 mii,48 mii,MONEY
Abrud [...,abrud [...,ORGANIZATION
20 mii ha,20 mii ha,MONEY
2015 Nr. Denumire,2015 nr. denumire,QUANTITY
1,1,NUMERIC_VALUE
Romsilva 904.760,romsilva 904.760,ORGANIZATION
2,2,NUMERIC_VALUE
14.459,14.459,NUMERIC_VALUE
3,3,NUMERIC_VALUE
11.156,11.156,NUMERIC_VALUE
4,4,NUMERIC_VALUE
5,5,NUMERIC_VALUE
8.891,8.891,NUMERIC_VALUE
6,6,NUMERIC_VALUE
8.156,8.156,NUMERIC_VALUE
7,7,NUMERIC_VALUE
OS Maieru,os maieru,ORGANIZATION
7.490,7.490,NUMERIC_VALUE
8,8,NUMERIC_VALUE
7.478,7.478,NUMERIC_VALUE
7.429,7.429,NUMERIC_VALUE
10,10,NUMERIC_VALUE
RPLP Piatra Craiului,rplp piatra craiului,ORGANIZATION
7.389,7.389,NUMERIC_VALUE
7.084,7.084,NUMERIC_VALUE
12,12,NUMERIC_VALUE
936.747,936.747,NUMERIC_VALUE
"48,511 Total","48,511 total",PRODUCT
89.519,89.519,NUMERIC_VALUE
"4,635 1.931.000 100 Sursa","4,635 1.931.000 100 sursa",PRODUCT
anului 2015,anului 2015,DATETIME
85,85,NUMERIC_VALUE
10 mii ha. Întreprinderile,10 mii ha. întreprinderile,MONEY
Romsilva,romsilva,GPE
20154.63,20154.63,NUMERIC_VALUE
-Romsilva. Tabel,-romsilva. tabel,PERSON
2015 Nr. Denumire,2015 nr. denumire,QUANTITY
1,1,NUMERIC_VALUE
2.466.175,2.466.175,NUMERIC_VALUE
2,2,NUMERIC_VALUE
35.605,35.605,NUMERIC_VALUE
3,3,NUMERIC_VALUE
4,4,NUMERIC_VALUE
23.276,23.276,NUMERIC_VALUE
5,5,NUMERIC_VALUE
15.356,15.356,DATETIME
6,6,NUMERIC_VALUE
"14.494 0,324 7","14.494 0,324 7",DATETIME
11.773,11.773,DATETIME
8,8,NUMERIC_VALUE
11.537,11.537,NUMERIC_VALUE
9,9,NUMERIC_VALUE
9.070,9.070,NUMERIC_VALUE
10,10,NUMERIC_VALUE
"0,200 11","0,200 11",DATETIME
Codrii Zarandului,codrii zarandului,FACILITY
8.918,8.918,NUMERIC_VALUE
12,12,NUMERIC_VALUE
1.835.812,1.835.812,NUMERIC_VALUE
"41,088 Total","41,088 total",QUANTITY
"166.047,4 3,716 4.468.000 100","166.047,4 3,716 4.468.000 100",MONEY
anului 2015,anului 2015,DATETIME
Romsilva2.470 mii,romsilva2.470 mii,MONEY
OS Abrud,os abrud,PERSON
20 mii ha,20 mii ha,MONEY
Romsilva,romsilva,GPE
86 2015,86 2015,DATETIME
"6,73 %","6,73 %",NUMERIC_VALUE
-Romsilva,-romsilva,GPE
2015,2015,NUMERIC_VALUE
72,72,NUMERIC_VALUE
Tabel nr. 78 Nr. Denumire (ha,tabel nr. 78 nr. denumire (ha,LOC
1,1,NUMERIC_VALUE
Statul roman,statul roman,ORGANIZATION
Romsilva,romsilva,ORGANIZATION
2,2,NUMERIC_VALUE
Statul roman,statul roman,ORGANIZATION
3,3,NUMERIC_VALUE
4,4,NUMERIC_VALUE
5,5,NUMERIC_VALUE
6,6,NUMERIC_VALUE
7,7,NUMERIC_VALUE
"14.647,5 8","14.647,5 8",DATETIME
14.180 9,14.180 9,DATETIME
10,10,NUMERIC_VALUE
12.681 11. 11.996 12,12.681 11. 11.996 12,DATETIME
13,13,NUMERIC_VALUE
14,14,NUMERIC_VALUE
15,15,NUMERIC_VALUE
2,2,NUMERIC_VALUE
"15 239.473,21 -15","15 239.473,21 -15",DATETIME
6.555.000,6.555.000,NUMERIC_VALUE
român,român,NAT_REL_POL
3.205.217 ha,3.205.217 ha,QUANTITY
72,72,NUMERIC_VALUE
87,87,NUMERIC_VALUE
11,11,NUMERIC_VALUE
proprietari,proprietari,PERSON
forestiereste,forestiereste,ORDINAL
4.3,4.3,NUMERIC_VALUE
Codului Silvic,codului silvic,WORK_OF_ART
proprietarii,proprietarii,PERSON
parchetelor,parchetelor,PERSON
arborilor,arborilor,PRODUCT
10 ha,10 ha,QUANTITY
anului 2015,anului 2015,DATETIME
Romsilva,romsilva,ORGANIZATION
O.S. de Regim Ciuc,o.s. de regim ciuc,PERSON
Ocolul Silvic Dorna,ocolul silvic dorna,ORGANIZATION
R.P.L.O.S. Padurile Sincii RA Ocolul Silvic Siriu SRL. Grafic,r.p.l.o.s. padurile sincii ra ocolul silvic siriu srl. grafic,ORGANIZATION
anului 2015,anului 2015,DATETIME
anului 2015,anului 2015,DATETIME
Romsilva,romsilva,GPE
"1.298.916,19","1.298.916,19",NUMERIC_VALUE
"5,65 %","5,65 %",NUMERIC_VALUE
Volum,volum,ORGANIZATION
perioada 2011 2015,perioada 2011 2015,PERIOD
perioada 2011 2015,perioada 2011 2015,PERIOD
-Romsilva,-romsilva,ORGANIZATION
"5,94 %","5,94 %",NUMERIC_VALUE
-Romsilva,-romsilva,ORGANIZATION
4.3.2,4.3.2,NUMERIC_VALUE
lemnoase,lemnoase,FACILITY
anul 2015,anul 2015,DATETIME
4 noiembrie 2015,4 noiembrie 2015,DATETIME
lemnoase,lemnoase,FACILITY
prezentului Raport,prezentului raport,LOC
1214,1214,NUMERIC_VALUE
luna iulie 2016,luna iulie 2016,DATETIME
anului 2015,anului 2015,DATETIME
Romsilva,romsilva,GPE
Silvania International Prod,silvania international prod,ORGANIZATION
Frasinul,frasinul,ORGANIZATION
Abate Panel Austroforest International,abate panel austroforest international,ORGANIZATION
73,73,NUMERIC_VALUE
Publicat,publicat,PRODUCT
Monitorul Oficial nr.,monitorul oficial nr.,WORK_OF_ART
840,840,NUMERIC_VALUE
11 noiembrie 2015,11 noiembrie 2015,DATETIME
617/2016.port,617/2016.port,NUMERIC_VALUE
89,89,NUMERIC_VALUE
anului 2015,anului 2015,DATETIME
Lider,lider,GPE
anului 2015,anului 2015,DATETIME
Romsilva,romsilva,ORGANIZATION
"1,95 %","1,95 %",NUMERIC_VALUE
Romsilva. -Romsilva,romsilva. -romsilva,PERSON
16 %,16 %,NUMERIC_VALUE
4.4,4.4,NUMERIC_VALUE
România,românia,GPE
16,16,NUMERIC_VALUE
CAEN,caen,ORGANIZATION
-2015,-2015,NUMERIC_VALUE
Schweighofer,schweighofer,PERSON
Kronospan,kronospan,PERSON
Romanel,romanel,PERSON
Egger Kastamonu.port NECONFIDENIAL,egger kastamonu.port neconfidenial,PERSON
90,90,NUMERIC_VALUE
2011,2011,NUMERIC_VALUE
2011,2011,NUMERIC_VALUE
Lider,lider,GPE
anului 2011,anului 2011,DATETIME
2,2,NUMERIC_VALUE
lider,lider,PERSON
anului 2012,anului 2012,DATETIME
91,91,NUMERIC_VALUE
2013,2013,NUMERIC_VALUE
3,3,NUMERIC_VALUE
anului 2013,anului 2013,DATETIME
30 %,30 %,NUMERIC_VALUE
2014,2014,NUMERIC_VALUE
4,4,NUMERIC_VALUE
92,92,NUMERIC_VALUE
Primul,primul,ORDINAL
anul precedent,anul precedent,DATETIME
indicatorul,indicatorul,PERSON
relevant,relevant,NAT_REL_POL
4,4,NUMERIC_VALUE
2015,2015,NUMERIC_VALUE
93.Volumul,93.volumul,NUMERIC_VALUE
5,5,NUMERIC_VALUE
"20,72 %","20,72 %",MONEY
anului 2015,anului 2015,DATETIME
anul precedent,anul precedent,DATETIME
93,93,NUMERIC_VALUE
2015,2015,DATETIME
3,3,NUMERIC_VALUE
anului 2011,anului 2011,DATETIME
anului 2015,anului 2015,DATETIME
2012,2012,DATETIME
2014,2014,NUMERIC_VALUE
primelor,primelor,ORDINAL
10,10,NUMERIC_VALUE
22.10 %,22.10 %,MONEY
anul 2011,anul 2011,DATETIME
30 %,30 %,NUMERIC_VALUE
anul 2013-a,anul 2013-a,DATETIME
20.72%,20.72%,NUMERIC_VALUE
anul 2015,anul 2015,DATETIME
anul 2011,anul 2011,DATETIME
2013,2013,NUMERIC_VALUE
2015,2015,NUMERIC_VALUE
materialului lemnos,materialului lemnos,PERSON
lemnoase,lemnoase,PRODUCT
Lemnul de foc,lemnul de foc,FACILITY
segment,segment,PRODUCT
74,74,NUMERIC_VALUE
94,94,NUMERIC_VALUE
doborât75,doborât75,NUMERIC_VALUE
5.000 5.400 mii mc,5.000 5.400 mii mc,MONEY
4.130,4.130,NUMERIC_VALUE
5.060 mii mc,5.060 mii mc,MONEY
anul 2014,anul 2014,DATETIME
anul 2014,anul 2014,DATETIME
INS,ins,ORGANIZATION
12.746 mii tone,12.746 mii tone,MONEY
19.60978 mii mc,19.60978 mii mc,MONEY
lemnul de foc,lemnul de foc,PRODUCT
79,79,NUMERIC_VALUE
"4,037 milioane 47,43% lemn","4,037 milioane 47,43% lemn",MONEY
2008,2008,MONEY
2014,2014,NUMERIC_VALUE
26.900 mii mc,26.900 mii mc,MONEY
75,75,NUMERIC_VALUE
76,76,NUMERIC_VALUE
77,77,NUMERIC_VALUE
78,78,NUMERIC_VALUE
Transformarea,transformarea,FACILITY
"0,65 tone","0,65 tone",QUANTITY
Densitatea lemnului 3,densitatea lemnului 3,LOC
55,55,NUMERIC_VALUE
cm3,cm3,PERSON
79,79,NUMERIC_VALUE
80,80,NUMERIC_VALUE
95,95,NUMERIC_VALUE
81 mii mc,81 mii mc,MONEY
INS,ins,ORGANIZATION
anul 2014,anul 2014,DATETIME
2014,2014,DATETIME
3,3,NUMERIC_VALUE
94surse,94surse,NUMERIC_VALUE
martie,martie,DATETIME
2016 lei,2016 lei,MONEY
2016 lei,2016 lei,MONEY
1,1,NUMERIC_VALUE
83,83,NUMERIC_VALUE
2,2,NUMERIC_VALUE
3,3,NUMERIC_VALUE
"50,07","50,07",NUMERIC_VALUE
"57,53 100,13","57,53 100,13",DATETIME
"115,06","115,06",NUMERIC_VALUE
99%,99%,NUMERIC_VALUE
81,81,NUMERIC_VALUE
Conform INS,conform ins,PRODUCT
anul 20 82,anul 20 82,DATETIME
Gigacalorie=,gigacalorie=,ORGANIZATION
83,83,NUMERIC_VALUE
104650346/30.10.2016,104650346/30.10.2016,NUMERIC_VALUE
84,84,NUMERIC_VALUE
11605316972/09.11.2016,11605316972/09.11.2016,NUMERIC_VALUE
85S,85s,NUMERIC_VALUE
150lei,150lei,NUMERIC_VALUE
Romsilva,romsilva,GPE
luna aprilie 2016,luna aprilie 2016,DATETIME
300lei/,300lei/,WORK_OF_ART
lunii noiembrie 2016,lunii noiembrie 2016,DATETIME
96,96,NUMERIC_VALUE
95- 99%,95- 99%,DATETIME
50%,50%,MONEY
70,70,NUMERIC_VALUE
73 %,73 %,MONEY
90 %,90 %,MONEY
4.5.1,4.5.1,NUMERIC_VALUE
617/201686,617/201686,NUMERIC_VALUE
Romsilva,romsilva,ORGANIZATION
"-Dezvoltare în Stat""","-dezvoltare în stat""",ORGANIZATION
maxim 20- 86,maxim 20- 86,DATETIME
715/2017.port,715/2017.port,NUMERIC_VALUE
97,97,NUMERIC_VALUE
617/2016,617/2016,NUMERIC_VALUE
lemnoase,lemnoase,FACILITY
715/2017,715/2017,NUMERIC_VALUE
-Romsilva,-romsilva,ORGANIZATION
Romsilva,romsilva,ORGANIZATION
perioada 2011-tizilor,perioada 2011-tizilor,PERIOD
perioada 2014-2016,perioada 2014-2016,PERIOD
95-Romsilva,95-romsilva,NUMERIC_VALUE
2013,2013,NUMERIC_VALUE
2015,2015,NUMERIC_VALUE
50 200 lei,50 200 lei,MONEY
100 -RNP,100 -rnp,QUANTITY
Romsilva,romsilva,PERSON
200 lei,200 lei,MONEY
87 21.10.2016.port NECONFIDENIAL,87 21.10.2016.port neconfidenial,MONEY
88,88,NUMERIC_VALUE
400,400,NUMERIC_VALUE
550 lei,550 lei,MONEY
-creat mc89,-creat mc89,PERSON
I al anului 2016,i al anului 2016,DATETIME
Romsilva. Astfel,romsilva. astfel,PERSON
data de 30.06.2016,data de 30.06.2016,DATETIME
Romsilva,romsilva,ORGANIZATION
-Romsilva,-romsilva,ORGANIZATION
lemnoase,lemnoase,FACILITY
perioada septembrie - noiembrie 2016,perioada septembrie - noiembrie 2016,PERIOD
lemnoase,lemnoase,FACILITY
-Romsilva,-romsilva,PRODUCT
anul 2015,anul 2015,DATETIME
lemnoase,lemnoase,FACILITY
primele 9 luni ale anului 2016,primele 9 luni ale anului 2016,DATETIME
mii mc.,mii mc.,QUANTITY
88,88,NUMERIC_VALUE
426 lei,426 lei,MONEY
89,89,NUMERIC_VALUE
90,90,NUMERIC_VALUE
617/2016,617/2016,NUMERIC_VALUE
91,91,NUMERIC_VALUE
99,99,NUMERIC_VALUE
anul 2016,anul 2016,DATETIME
primele 9 luni ale anului 2015,primele 9 luni ale anului 2015,DATETIME
98/2016,98/2016,NUMERIC_VALUE
Romsilva,romsilva,ORGANIZATION
92,92,NUMERIC_VALUE
Romsilva,romsilva,PERSON
anului 2016,anului 2016,DATETIME
lemnoase,lemnoase,FACILITY
România,românia,GPE
94.,94.,QUANTITY
4.5.4,4.5.4,NUMERIC_VALUE
31 august 2016,31 august 2016,DATETIME
lemnoase,lemnoase,FACILITY
92 .RG/16.136/26.10.2016,92 .rg/16.136/26.10.2016,QUANTITY
93r,93r,ORGANIZATION
94 P.port,94 p.port,QUANTITY
100 Regulamentului,100 regulamentului,QUANTITY
31 august 2016,31 august 2016,DATETIME
lemnoase,lemnoase,FACILITY
31 august,31 august,DATETIME
2016,2016,NUMERIC_VALUE
lemnoase,lemnoase,FACILITY
Romsilva,romsilva,ORGANIZATION
-Marin,-marin,ORGANIZATION
-Romsilva,-romsilva,ORGANIZATION
anul 2015,anul 2015,DATETIME
Romsilva,romsilva,ORGANIZATION
anul 2017,anul 2017,DATETIME
1200 mii mc/an,1200 mii mc/an,MONEY
500 mii mc/an,500 mii mc/an,MONEY
95,95,NUMERIC_VALUE
3,3,NUMERIC_VALUE
3,3,NUMERIC_VALUE
15%,15%,NUMERIC_VALUE
20%,20%,NUMERIC_VALUE
101,101,NUMERIC_VALUE
31 august 2016,31 august 2016,DATETIME
lemnoase,lemnoase,FACILITY
administratorilor,administratorilor,PERSON
96,96,NUMERIC_VALUE
4.6,4.6,NUMERIC_VALUE
98,98,NUMERIC_VALUE
-Romsilva. Potrivit ANCPI,-romsilva. potrivit ancpi,ORGANIZATION
CNP,cnp,ORGANIZATION
CUI,cui,ORGANIZATION
96,96,NUMERIC_VALUE
175/2017,175/2017,NUMERIC_VALUE
715/2017 98,715/2017 98,NUMERIC_VALUE
102,102,NUMERIC_VALUE
3,3,NUMERIC_VALUE
8 milioane,8 milioane,MONEY
ANCPI,ancpi,ORGANIZATION
comunicat99,comunicat99,NUMERIC_VALUE
Romsilva,romsilva,PERSON
România,românia,GPE
5,5,NUMERIC_VALUE
60,60,NUMERIC_VALUE
alin.,alin.,PERSON
5,5,NUMERIC_VALUE
Codul,codul,WORK_OF_ART
5,5,NUMERIC_VALUE
22875/11.12.2015,22875/11.12.2015,NUMERIC_VALUE
100,100,NUMERIC_VALUE
103,103,NUMERIC_VALUE
60,60,NUMERIC_VALUE
alin.,alin.,PERSON
5,5,NUMERIC_VALUE
Codul Silvic,codul silvic,WORK_OF_ART
101,101,NUMERIC_VALUE
Regulamentul,regulamentul,GPE
31 august,31 august,DATETIME
2016,2016,NUMERIC_VALUE
lemnoase,lemnoase,FACILITY
102,102,NUMERIC_VALUE
Regulamentul,regulamentul,GPE
31 august,31 august,DATETIME
Regulamentul,regulamentul,GPE
4 noiembrie 2015,4 noiembrie 2015,DATETIME
lemnoase,lemnoase,FACILITY
103,103,NUMERIC_VALUE
Regulamentul,regulamentul,GPE
4 noiembrie,4 noiembrie,DATETIME
Regulamentul,regulamentul,GPE
1 septembrie 2015,1 septembrie 2015,DATETIME
funOrdinul 1330/2015104,funordinul 1330/2015104,PRODUCT
Regulamentul,regulamentul,GPE
1 septembrie,1 septembrie,DATETIME
60,60,NUMERIC_VALUE
5,5,NUMERIC_VALUE
Codul Silvic,codul silvic,PRODUCT
60,60,NUMERIC_VALUE
5,5,NUMERIC_VALUE
Codul Silvic. Astfel,codul silvic. astfel,WORK_OF_ART
Regulamentul,regulamentul,EVENT
1 septembrie,1 septembrie,DATETIME
lemnoase. Prin Regulamentul,lemnoase. prin regulamentul,FACILITY
4 noiembrie,4 noiembrie,DATETIME
Regulamentul,regulamentul,GPE
31 august,31 august,DATETIME
101,101,NUMERIC_VALUE
Publicat,publicat,PRODUCT
Monitorul Oficial nr.,monitorul oficial nr.,WORK_OF_ART
812,812,NUMERIC_VALUE
13 octombrie 2017 102,13 octombrie 2017 102,DATETIME
Monitorul Oficial nr.,monitorul oficial nr.,WORK_OF_ART
684,684,NUMERIC_VALUE
2 septembrie 2016,2 septembrie 2016,DATETIME
715/2017,715/2017,NUMERIC_VALUE
103,103,NUMERIC_VALUE
Monitorul Oficial nr.,monitorul oficial nr.,WORK_OF_ART
840,840,NUMERIC_VALUE
11noiembrie 2015,11noiembrie 2015,DATETIME
617/2016,617/2016,NUMERIC_VALUE
104,104,NUMERIC_VALUE
Publicat,publicat,PRODUCT
Monitorul Oficial nr.,monitorul oficial nr.,WORK_OF_ART
693,693,NUMERIC_VALUE
14 septembrie 2015ort,14 septembrie 2015ort,DATETIME
104,104,NUMERIC_VALUE
4 noiembrie,4 noiembrie,DATETIME
Art,art,GPE
21,21,NUMERIC_VALUE
3,3,NUMERIC_VALUE
Regulamentul din,regulamentul din,EVENT
4 noiembrie,4 noiembrie,DATETIME
Art,art,GPE
22,22,NUMERIC_VALUE
2,2,NUMERIC_VALUE
22,22,NUMERIC_VALUE
2,2,NUMERIC_VALUE
Regulamentul,regulamentul,GPE
31 august,31 august,DATETIME
Regulamentul,regulamentul,GPE
31 august,31 august,DATETIME
105,105,NUMERIC_VALUE
21,21,NUMERIC_VALUE
5,5,NUMERIC_VALUE
România,românia,GPE
Regulamentul,regulamentul,EVENT
1 septembrie,1 septembrie,DATETIME
6,6,NUMERIC_VALUE
13,13,NUMERIC_VALUE
14,14,NUMERIC_VALUE
21,21,NUMERIC_VALUE
5,5,NUMERIC_VALUE
Regulament,regulament,ORGANIZATION
Regulamentul,regulamentul,GPE
1 septembrie,1 septembrie,DATETIME
1,1,NUMERIC_VALUE
106,106,NUMERIC_VALUE
2,2,NUMERIC_VALUE
105,105,NUMERIC_VALUE
"99,27 %","99,27 %",NUMERIC_VALUE
106,106,NUMERIC_VALUE
108,108,NUMERIC_VALUE
4 noiembrie,4 noiembrie,DATETIME
109,109,NUMERIC_VALUE
110,110,NUMERIC_VALUE
111,111,NUMERIC_VALUE
20.000 Euro,20.000 euro,MONEY
105,105,NUMERIC_VALUE
22,22,NUMERIC_VALUE
2,2,NUMERIC_VALUE
Regulamentul,regulamentul,GPE
31 august,31 august,DATETIME
106nibil,106nibil,DATETIME
650.000,650.000,NUMERIC_VALUE
107,107,NUMERIC_VALUE
21,21,NUMERIC_VALUE
10,10,NUMERIC_VALUE
Regulament,regulament,GPE
persoanele fizice,persoanele fizice,PERSON
108,108,NUMERIC_VALUE
Regulamentul,regulamentul,GPE
31 august,31 august,DATETIME
109,109,NUMERIC_VALUE
110,110,NUMERIC_VALUE
111,111,NUMERIC_VALUE
107,107,NUMERIC_VALUE
112,112,NUMERIC_VALUE
113întreprinderile,113întreprinderile,DATETIME
perioada 2011 2015,perioada 2011 2015,PERIOD
Nr. Denumire indicator,nr. denumire indicator,PERSON
18.705 19.081 19.282 17.889 18.133 112 113de,18.705 19.081 19.282 17.889 18.133 112 113de,DATETIME
114,114,NUMERIC_VALUE
anului 2015,anului 2015,DATETIME
Tabelul nr. 92,tabelul nr. 92,LOC
108,108,NUMERIC_VALUE
mii mc,mii mc,QUANTITY
2,2,NUMERIC_VALUE
recoltat,recoltat,PERSON
mii mc,mii mc,QUANTITY
9.762,9.762,NUMERIC_VALUE
9.077,9.077,NUMERIC_VALUE
3,3,NUMERIC_VALUE
mii mc,mii mc,QUANTITY
3.153,3.153,NUMERIC_VALUE
3.079,3.079,NUMERIC_VALUE
4,4,NUMERIC_VALUE
mii mc,mii mc,QUANTITY
12.915 12.650 12.350 11.848 12.006 5,12.915 12.650 12.350 11.848 12.006 5,DATETIME
recoltat,recoltat,PERSON
4/1,4/1,NUMERIC_VALUE
69%,69%,MONEY
"66,3%","66,3%",NUMERIC_VALUE
"64% 66,2% 66,2% 6","64% 66,2% 66,2% 6",MONEY
94*rând 3,94*rând 3,ORDINAL
"% 49,4%","% 49,4%",ORDINAL
"46,54% 45,63% 47,39% 49,25%","46,54% 45,63% 47,39% 49,25%",MONEY
INS,ins,ORGANIZATION
2015 Nr. Denumire indicator,2015 nr. denumire indicator,MONEY
2011,2011,NUMERIC_VALUE
1,1,NUMERIC_VALUE
mii mc,mii mc,QUANTITY
"11.511,3 12.102.4 12.155.7 11.511,3 11.322,9 2","11.511,3 12.102.4 12.155.7 11.511,3 11.322,9 2",PERIOD
mii mc,mii mc,QUANTITY
"8.239,2","8.239,2",NUMERIC_VALUE
"8.672.5 8.239,2 8.427,8 3","8.672.5 8.239,2 8.427,8 3",PRODUCT
2/1,2/1,NUMERIC_VALUE
"71,6","71,6",MONEY
"70,2","70,2",MONEY
"71,3% 71,6%","71,3% 71,6%",MONEY
"74,4%ort NECONFIDENIAL 109","74,4%ort neconfidenial 109",PRODUCT
4,4,NUMERIC_VALUE
mii mc,mii mc,QUANTITY
3.543.5 3.413.6,3.543.5 3.413.6,MONEY
Sursa,sursa,FACILITY
INS,ins,ORGANIZATION
lemnoase,lemnoase,FACILITY
"74,4 %","74,4 %",NUMERIC_VALUE
anul 2015,anul 2015,DATETIME
restrângeri,restrângeri,PERSON
5.2,5.2,NUMERIC_VALUE
110 6,110 6,DATETIME
1,1,NUMERIC_VALUE
115,115,NUMERIC_VALUE
PWC,pwc,ORGANIZATION
116,116,NUMERIC_VALUE
2,2,NUMERIC_VALUE
117,117,NUMERIC_VALUE
perioada 2005 2015,perioada 2005 2015,PERIOD
România,românia,GPE
Uniunii Europene,uniunii europene,GPE
România,românia,GPE
50 de ani,50 de ani,DATETIME
europene,europene,NAT_REL_POL
70-ice,70-ice,MONEY
115 Spre,115 spre,QUANTITY
anul 2015,anul 2015,DATETIME
6.555 mii ha,6.555 mii ha,MONEY
6,6,NUMERIC_VALUE
anul 2012,anul 2012,DATETIME
România mii ha,românia mii ha,GPE
116 Sursa,116 sursa,QUANTITY
AGERPRES/(AS Oct,agerpres/(as oct,PRODUCT
2016,2016,NUMERIC_VALUE
ECONOMIE,economie,ORGANIZATION
117ort NECONFIDENIAL 111 indicatoare-60 de ani,117ort neconfidenial 111 indicatoare-60 de ani,MONEY
fondului forestier,fondului forestier,PERSON
România,românia,GPE
România,românia,GPE
67 %,67 %,NUMERIC_VALUE
România,românia,GPE
Germania,germania,GPE
30 m,30 m,QUANTITY
România,românia,GPE
33%,33%,NUMERIC_VALUE
România,românia,GPE
118,118,NUMERIC_VALUE
119,119,NUMERIC_VALUE
România,românia,GPE
112 120,112 120,MONEY
"48,39%","48,39%",NUMERIC_VALUE
Astfel spus,astfel spus,PERSON
322,322,NUMERIC_VALUE
217,217,NUMERIC_VALUE
anul 1989,anul 1989,DATETIME
comunist,comunist,NAT_REL_POL
63 de ani,63 de ani,DATETIME
57 de ani,57 de ani,DATETIME
indicatorul,indicatorul,PERSON
"5,6 mc","5,6 mc",QUANTITY
"7,7 mc","7,7 mc",QUANTITY
%,%,NUMERIC_VALUE
Începând cu anul 2015,începând cu anul 2015,DATETIME
Codului Silvic prin Legea,codului silvic prin legea,EVENT
175/2017122,175/2017122,DATETIME
120,120,NUMERIC_VALUE
anului 1984,anului 1984,DATETIME
121,121,NUMERIC_VALUE
122ort,122ort,PRODUCT
113 4,113 4,DATETIME
România,românia,GPE
9,9,NUMERIC_VALUE
"3,54 %","3,54 %",NUMERIC_VALUE
5,5,NUMERIC_VALUE
Sectorul Silvic,sectorul silvic,PERSON
lemnului,lemnului,PERSON
-2015,-2015,ORGANIZATION
"1,71 %","1,71 %",MONEY
"între 2,4 2,48 4,2 %","între 2,4 2,48 4,2 %",PERIOD
6,6,NUMERIC_VALUE
2011-pot,2011-pot,NUMERIC_VALUE
anului 2013cuprinsul,anului 2013cuprinsul,DATETIME
7,7,NUMERIC_VALUE
România,românia,GPE
Acea,acea,GPE
50%,50%,NUMERIC_VALUE
-2015,-2015,NUMERIC_VALUE
prim,prim,ORDINAL
123,123,NUMERIC_VALUE
UE,ue,ORGANIZATION
28,28,NUMERIC_VALUE
anului 2014.ort,anului 2014.ort,DATETIME
114 acestea,114 acestea,DATETIME
Romsilva Regiei Romsilva,romsilva regiei romsilva,PERSON
-un,-un,PRODUCT
Romsilva,romsilva,ORGANIZATION
8,8,NUMERIC_VALUE
lemnoase,lemnoase,FACILITY
9,9,NUMERIC_VALUE
anului 2015,anului 2015,DATETIME
român,român,NAT_REL_POL
"48,90 %","48,90 %",NUMERIC_VALUE
3.205.217 ha,3.205.217 ha,QUANTITY
Romsilva,romsilva,GPE
10.000 ha,10.000 ha,QUANTITY
10,10,NUMERIC_VALUE
125,125,NUMERIC_VALUE
apreciem cu lemn,apreciem cu lemn,PRODUCT
125,125,DATETIME
115,115,NUMERIC_VALUE
lemnoase,lemnoase,FACILITY
4 noiembrie 2015,4 noiembrie 2015,DATETIME
lemnoase,lemnoase,FACILITY
Ulterior,ulterior,LOC
11,11,NUMERIC_VALUE
anul 2017,anul 2017,DATETIME
lemnoase,lemnoase,FACILITY
Romsilva,romsilva,ORGANIZATION
3,3,NUMERIC_VALUE
3,3,NUMERIC_VALUE
Regulamentul,regulamentul,GPE
31 august,31 august,DATETIME
2016,2016,NUMERIC_VALUE
lemnoase,lemnoase,FACILITY
126,126,NUMERIC_VALUE
1200 mii mc/an,1200 mii mc/an,MONEY
500 mii mc/an,500 mii mc/an,MONEY
12,12,NUMERIC_VALUE
proprietarilor,proprietarilor,PERSON
13,13,NUMERIC_VALUE
116,116,NUMERIC_VALUE
14,14,NUMERIC_VALUE
15,15,NUMERIC_VALUE
lemnoase. Având,lemnoase. având,FACILITY
16,16,NUMERIC_VALUE
Regulamentul,regulamentul,GPE
11 noiembrie 2010127,11 noiembrie 2010127,DATETIME
anului 2012,anului 2012,DATETIME
1.117 mii,1.117 mii,MONEY
iulie 2015,iulie 2015,DATETIME
ROrdinul nr. 233/13.05.2013,rordinul nr. 233/13.05.2013,DATETIME
Drept Regulamentul,drept regulamentul,ORGANIZATION
4 noiembrie 2015,4 noiembrie 2015,DATETIME
lemnoase,lemnoase,FACILITY
17,17,NUMERIC_VALUE
Regulamentul,regulamentul,GPE
11 noiembrie 2010 emnoase,11 noiembrie 2010 emnoase,DATETIME
127,127,NUMERIC_VALUE
11 noiembrie 2010,11 noiembrie 2010,DATETIME
804,804,NUMERIC_VALUE
2 decembrie 2010.ort,2 decembrie 2010.ort,DATETIME
117,117,NUMERIC_VALUE
perioada 2011,perioada 2011,PERIOD
2014,2014,DATETIME
16.15ofertant,16.15ofertant,DATETIME
iulie 2015,iulie 2015,DATETIME
233/13.05.2013ile,233/13.05.2013ile,NUMERIC_VALUE
Regulamentul,regulamentul,EVENT
4 noiembrie 2015,4 noiembrie 2015,DATETIME
924/2015,924/2015,NUMERIC_VALUE
18,18,NUMERIC_VALUE
480.000 de hectare,480.000 de hectare,QUANTITY
Codului Silvic,codului silvic,FACILITY
175/2017,175/2017,NUMERIC_VALUE
19,19,NUMERIC_VALUE
128,128,NUMERIC_VALUE
31 august 2016,31 august 2016,DATETIME
715/2017,715/2017,NUMERIC_VALUE
20,20,NUMERIC_VALUE
31 august 2016,31 august 2016,DATETIME
715/2017,715/2017,NUMERIC_VALUE
128,128,NUMERIC_VALUE
3,3,NUMERIC_VALUE
alin.,alin.,PERSON
3,3,NUMERIC_VALUE
Regulamentul,regulamentul,GPE
31 august,31 august,DATETIME
2016,2016,NUMERIC_VALUE
lemnoase Volumul,lemnoase volumul,FACILITY
15%,15%,NUMERIC_VALUE
20%,20%,NUMERIC_VALUE
118,118,NUMERIC_VALUE
1,1,NUMERIC_VALUE
2,2,NUMERIC_VALUE
3,3,NUMERIC_VALUE
Ministerului secundare,ministerului secundare,ORGANIZATION
5,5,NUMERIC_VALUE
6,6,NUMERIC_VALUE
România,românia,GPE
7,7,NUMERIC_VALUE
proprietarului/administratorului,proprietarului/administratorului,PERSON
8,8,NUMERIC_VALUE
SEAP,seap,ORGANIZATION
Agentiei pentru Agenda Digital a României,agentiei pentru agenda digital a româniei,ORGANIZATION
119,119,NUMERIC_VALUE
Sistemului Electr SEAP,sistemului electr seap,ORGANIZATION
9,9,NUMERIC_VALUE
anul . 10,anul . 10,DATETIME
11,11,NUMERIC_VALUE
12,12,NUMERIC_VALUE
Romsilva,romsilva,ORGANIZATION
120 13,120 13,DATETIME
România,românia,GPE
14,14,NUMERIC_VALUE
Ministerului 29.01.2018,ministerului 29.01.2018,ORGANIZATION
